id,itemid,rewardid,prob,quantity,"effect"
1,2022309,4001126,1,500,"Effect/BasicEff/FindPrize/Success"
2,2022309,4001126,3,300,"Effect/BasicEff/FindPrize/Success"
3,2022309,4001126,6,100,"Effect/BasicEff/FindPrize/Success"
4,2022309,4001166,30,1,"Effect/BasicEff/FindPrize/Success"
5,2022309,2000003,10,1,"Effect/BasicEff/FindPrize/Failure"
6,2022309,2000000,10,1,"Effect/BasicEff/FindPrize/Failure"
7,2022309,2000002,10,1,"Effect/BasicEff/FindPrize/Failure"
8,2022309,4001165,30,1,"Effect/BasicEff/FindPrize/Failure"
9,2022323,2022324,1,1,"Effect/BasicEff/Event1/Success"
10,2022323,4001187,10,1,"Effect/BasicEff/Event1/Success"
11,2022323,4001188,6,1,"Effect/BasicEff/Event1/Success"
12,2022323,4001189,3,1,"Effect/BasicEff/Event1/Success"
13,2022324,2022040,50,1,"Effect/BasicEff/Event1Failure"
14,2022324,4000153,50,1,"Effect/BasicEff/Event1Failure"
15,2022324,4000157,50,1,"Effect/BasicEff/Event1Failure"
16,2022324,4000158,50,1,"Effect/BasicEff/Event1Failure"
17,2022324,4000161,50,1,"Effect/BasicEff/Event1Failure"
18,2022324,4000181,50,1,"Effect/BasicEff/Event1Failure"
19,2022324,4020000,1000,1,"Effect/BasicEff/Event1/Success"
20,2022324,4020001,1000,1,"Effect/BasicEff/Event1/Success"
21,2022324,4020002,1000,1,"Effect/BasicEff/Event1/Success"
22,2022324,4020003,1000,1,"Effect/BasicEff/Event1/Success"
23,2022324,4020004,1000,1,"Effect/BasicEff/Event1/Success"
24,2022324,4020005,1000,1,"Effect/BasicEff/Event1/Success"
25,2022324,4020006,1000,1,"Effect/BasicEff/Event1/Success"
26,2022324,4020007,1000,1,"Effect/BasicEff/Event1/Success"
27,2022324,2001000,1000,1,"Effect/BasicEff/Event1/Success"
28,2022324,2001001,1000,1,"Effect/BasicEff/Event1/Success"
29,2022324,4000245,1,1,"Effect/BasicEff/Event1/Success"
30,2022336,2049104,30,1,"Effect/BasicEff/Event1/Success"
31,2022336,2000004,5,2,"Effect/BasicEff/Event1/Success"
32,2022336,2000005,5,1,"Effect/BasicEff/Event1/Success"
33,2022336,2000006,5,5,"Effect/BasicEff/Event1/Success"
34,2022336,2001000,5,3,"Effect/BasicEff/Event1/Success"
35,2022336,2001001,5,3,"Effect/BasicEff/Event1/Success"
36,2022336,2001002,5,3,"Effect/BasicEff/Event1/Success"
37,2022354,2022335,30,1,"Effect/BasicEff/Event1/Success"
38,2022354,4031991,50,1,"Effect/BasicEff/Event1/Success"
39,2022354,4031992,20,1,"Effect/BasicEff/Event1/Success"
40,2022355,2022335,30,1,"Effect/BasicEff/Event1/Success"
41,2022355,4031991,50,1,"Effect/BasicEff/Event1/Success"
42,2022355,4031992,20,1,"Effect/BasicEff/Event1/Success"
43,2022422,4001201,17,1,"Effect/BasicEff/FindPrize/Success"
44,2022422,4001202,3,1,"Effect/BasicEff/FindPrize/Success"
45,2022465,2000004,30,10,"Effect/BasicEff/Event1/Success"
46,2022465,2000005,30,5,"Effect/BasicEff/Event1/Success"
47,2022465,2000006,20,10,"Effect/BasicEff/Event1/Success"
48,2022465,2030000,15,15,"Effect/BasicEff/Event1/Success"
49,2022465,2050004,15,15,"Effect/BasicEff/Event1/Success"
50,2022465,4021007,15,1,"Effect/BasicEff/Event1/Success"
51,2022465,4021008,10,1,"Effect/BasicEff/Event1/Success"
52,2022465,2040021,10,1,"Effect/BasicEff/Event1/Success"
53,2022465,2040313,3,1,"Effect/BasicEff/Event1/Success"
54,2022465,2040415,3,1,"Effect/BasicEff/Event1/Success"
55,2022465,2040522,3,1,"Effect/BasicEff/Event1/Success"
56,2022465,2040615,3,1,"Effect/BasicEff/Event1/Success"
57,2022465,2040722,3,1,"Effect/BasicEff/Event1/Success"
58,2022465,2040821,3,1,"Effect/BasicEff/Event1/Success"
59,2022465,2041042,3,1,"Effect/BasicEff/Event1/Success"
60,2022465,2044906,3,1,"Effect/BasicEff/Event1/Success"
61,2022465,2043011,3,1,"Effect/BasicEff/Event1/Success"
62,2022465,2043106,3,1,"Effect/BasicEff/Event1/Success"
63,2022465,2043206,3,1,"Effect/BasicEff/Event1/Success"
64,2022465,2043306,3,1,"Effect/BasicEff/Event1/Success"
65,2022465,2043706,3,1,"Effect/BasicEff/Event1/Success"
66,2022465,2043806,3,1,"Effect/BasicEff/Event1/Success"
67,2022465,2044006,3,1,"Effect/BasicEff/Event1/Success"
68,2022465,2044106,3,1,"Effect/BasicEff/Event1/Success"
69,2022465,2044206,3,1,"Effect/BasicEff/Event1/Success"
70,2022465,2044306,3,1,"Effect/BasicEff/Event1/Success"
71,2022465,2044406,3,1,"Effect/BasicEff/Event1/Success"
72,2022465,2044506,3,1,"Effect/BasicEff/Event1/Success"
73,2022465,2044606,3,1,"Effect/BasicEff/Event1/Success"
74,2022465,2044706,3,1,"Effect/BasicEff/Event1/Success"
75,2022465,2044811,3,1,"Effect/BasicEff/Event1/Success"
76,2022465,4003000,8,10,"Effect/BasicEff/Event1/Success"
77,2022465,4003001,8,10,"Effect/BasicEff/Event1/Success"
78,2022465,4010000,8,5,"Effect/BasicEff/Event1/Success"
79,2022465,4010001,8,5,"Effect/BasicEff/Event1/Success"
80,2022465,4010002,8,5,"Effect/BasicEff/Event1/Success"
81,2022465,4010003,8,5,"Effect/BasicEff/Event1/Success"
82,2022465,4010004,8,5,"Effect/BasicEff/Event1/Success"
83,2022465,4010005,8,5,"Effect/BasicEff/Event1/Success"
84,2022465,4010006,8,5,"Effect/BasicEff/Event1/Success"
85,2022465,4010007,8,5,"Effect/BasicEff/Event1/Success"
86,2022465,4011000,10,1,"Effect/BasicEff/Event1/Success"
87,2022465,4011001,10,1,"Effect/BasicEff/Event1/Success"
88,2022465,4011002,10,1,"Effect/BasicEff/Event1/Success"
89,2022465,4011003,10,1,"Effect/BasicEff/Event1/Success"
90,2022465,4011004,10,1,"Effect/BasicEff/Event1/Success"
91,2022465,4011005,10,1,"Effect/BasicEff/Event1/Success"
92,2022465,4011006,10,1,"Effect/BasicEff/Event1/Success"
93,2022465,4011007,10,1,"Effect/BasicEff/Event1/Success"
94,2022465,4011008,20,1,"Effect/BasicEff/Event1/Success"
95,2022465,2020002,20,1,"Effect/BasicEff/Event1/Success"
96,2022465,2020001,20,1,"Effect/BasicEff/Event1/Success"
97,2022465,2020000,20,1,"Effect/BasicEff/Event1/Success"
98,2022465,2000016,20,1,"Effect/BasicEff/Event1/Success"
99,2022465,2020005,20,1,"Effect/BasicEff/Event1/Success"
100,2022465,2020003,20,1,"Effect/BasicEff/Event1/Success"
101,2022465,2020009,20,1,"Effect/BasicEff/Event1/Success"
102,2022465,2020006,20,1,"Effect/BasicEff/Event1/Success"
103,2022465,2020007,20,1,"Effect/BasicEff/Event1/Success"
104,2022465,2022000,20,1,"Effect/BasicEff/Event1/Success"
105,2022465,2020010,20,1,"Effect/BasicEff/Event1/Success"
106,2022465,2001000,20,1,"Effect/BasicEff/Event1/Success"
107,2022465,2001002,20,1,"Effect/BasicEff/Event1/Success"
108,2022465,2001001,20,1,"Effect/BasicEff/Event1/Success"
109,2022465,2020012,20,1,"Effect/BasicEff/Event1/Success"
110,2022465,2020014,20,1,"Effect/BasicEff/Event1/Success"
111,2022465,2020013,20,1,"Effect/BasicEff/Event1/Success"
112,2022465,2020015,20,1,"Effect/BasicEff/Event1/Success"
113,2022465,4004000,5,1,"Effect/BasicEff/Event1/Success"
114,2022465,4004001,5,1,"Effect/BasicEff/Event1/Success"
115,2022465,4004002,5,1,"Effect/BasicEff/Event1/Success"
116,2022465,4004003,5,1,"Effect/BasicEff/Event1/Success"
117,2022465,4010006,5,1,"Effect/BasicEff/Event1/Success"
118,2022465,4020007,5,1,"Effect/BasicEff/Event1/Success"
119,2022465,4020007,5,1,"Effect/BasicEff/Event1/Success"
120,2022466,2000004,30,10,"Effect/BasicEff/Event1/Success"
121,2022466,2000005,30,5,"Effect/BasicEff/Event1/Success"
122,2022466,2000006,20,10,"Effect/BasicEff/Event1/Success"
123,2022466,2030000,15,15,"Effect/BasicEff/Event1/Success"
124,2022466,2050004,15,15,"Effect/BasicEff/Event1/Success"
125,2022466,4021007,15,1,"Effect/BasicEff/Event1/Success"
126,2022466,4021008,10,1,"Effect/BasicEff/Event1/Success"
127,2022466,2040021,10,1,"Effect/BasicEff/Event1/Success"
128,2022466,2040313,3,1,"Effect/BasicEff/Event1/Success"
129,2022466,2040415,3,1,"Effect/BasicEff/Event1/Success"
130,2022466,2040522,3,1,"Effect/BasicEff/Event1/Success"
131,2022466,2040615,3,1,"Effect/BasicEff/Event1/Success"
132,2022466,2040722,3,1,"Effect/BasicEff/Event1/Success"
133,2022466,2040821,3,1,"Effect/BasicEff/Event1/Success"
134,2022466,2041042,3,1,"Effect/BasicEff/Event1/Success"
135,2022466,2044906,3,1,"Effect/BasicEff/Event1/Success"
136,2022466,2043011,3,1,"Effect/BasicEff/Event1/Success"
137,2022466,2043106,3,1,"Effect/BasicEff/Event1/Success"
138,2022466,2043206,3,1,"Effect/BasicEff/Event1/Success"
139,2022466,2043306,3,1,"Effect/BasicEff/Event1/Success"
140,2022466,2043706,3,1,"Effect/BasicEff/Event1/Success"
141,2022466,2043806,3,1,"Effect/BasicEff/Event1/Success"
142,2022466,2044006,3,1,"Effect/BasicEff/Event1/Success"
143,2022466,2044106,3,1,"Effect/BasicEff/Event1/Success"
144,2022466,2044206,3,1,"Effect/BasicEff/Event1/Success"
145,2022466,2044306,3,1,"Effect/BasicEff/Event1/Success"
146,2022466,2044406,3,1,"Effect/BasicEff/Event1/Success"
147,2022466,2044506,3,1,"Effect/BasicEff/Event1/Success"
148,2022466,2044606,3,1,"Effect/BasicEff/Event1/Success"
149,2022466,2044706,3,1,"Effect/BasicEff/Event1/Success"
150,2022466,2044811,3,1,"Effect/BasicEff/Event1/Success"
151,2022466,4003000,8,10,"Effect/BasicEff/Event1/Success"
152,2022466,4003001,8,10,"Effect/BasicEff/Event1/Success"
153,2022466,4010000,8,5,"Effect/BasicEff/Event1/Success"
154,2022466,4010001,8,5,"Effect/BasicEff/Event1/Success"
155,2022466,4010002,8,5,"Effect/BasicEff/Event1/Success"
156,2022466,4010003,8,5,"Effect/BasicEff/Event1/Success"
157,2022466,4010004,8,5,"Effect/BasicEff/Event1/Success"
158,2022466,4010005,8,5,"Effect/BasicEff/Event1/Success"
159,2022466,4010006,8,5,"Effect/BasicEff/Event1/Success"
160,2022466,4010007,8,5,"Effect/BasicEff/Event1/Success"
161,2022466,4011000,10,1,"Effect/BasicEff/Event1/Success"
162,2022466,4011001,10,1,"Effect/BasicEff/Event1/Success"
163,2022466,4011002,10,1,"Effect/BasicEff/Event1/Success"
164,2022466,4011003,10,1,"Effect/BasicEff/Event1/Success"
165,2022466,4011004,10,1,"Effect/BasicEff/Event1/Success"
166,2022466,4011005,10,1,"Effect/BasicEff/Event1/Success"
167,2022466,4011006,10,1,"Effect/BasicEff/Event1/Success"
168,2022466,4011007,10,1,"Effect/BasicEff/Event1/Success"
169,2022466,4011008,20,1,"Effect/BasicEff/Event1/Success"
170,2022466,2022000,20,1,"Effect/BasicEff/Event1/Success"
171,2022466,2020010,20,1,"Effect/BasicEff/Event1/Success"
172,2022466,2001000,20,1,"Effect/BasicEff/Event1/Success"
173,2022466,2001002,20,1,"Effect/BasicEff/Event1/Success"
174,2022466,2001001,20,1,"Effect/BasicEff/Event1/Success"
175,2022466,2020012,20,1,"Effect/BasicEff/Event1/Success"
176,2022466,2020014,20,1,"Effect/BasicEff/Event1/Success"
177,2022466,2020013,20,1,"Effect/BasicEff/Event1/Success"
178,2022466,2020015,20,1,"Effect/BasicEff/Event1/Success"
179,2022466,4004000,5,1,"Effect/BasicEff/Event1/Success"
180,2022466,4004001,5,1,"Effect/BasicEff/Event1/Success"
181,2022466,4004002,5,1,"Effect/BasicEff/Event1/Success"
182,2022466,4004003,5,1,"Effect/BasicEff/Event1/Success"
183,2022466,4010006,5,1,"Effect/BasicEff/Event1/Success"
184,2022466,4020007,5,1,"Effect/BasicEff/Event1/Success"
185,2022466,4020007,5,1,"Effect/BasicEff/Event1/Success"
186,2022467,2000004,30,10,"Effect/BasicEff/Event1/Success"
187,2022467,2000005,30,5,"Effect/BasicEff/Event1/Success"
188,2022467,2030000,15,15,"Effect/BasicEff/Event1/Success"
189,2022467,2050004,15,15,"Effect/BasicEff/Event1/Success"
190,2022467,4021007,15,1,"Effect/BasicEff/Event1/Success"
191,2022467,4021008,10,1,"Effect/BasicEff/Event1/Success"
192,2022467,2040021,10,1,"Effect/BasicEff/Event1/Success"
193,2022467,2040313,3,1,"Effect/BasicEff/Event1/Success"
194,2022467,2040415,3,1,"Effect/BasicEff/Event1/Success"
195,2022467,2040522,3,1,"Effect/BasicEff/Event1/Success"
196,2022467,2040615,3,1,"Effect/BasicEff/Event1/Success"
197,2022467,2040722,3,1,"Effect/BasicEff/Event1/Success"
198,2022467,2040821,3,1,"Effect/BasicEff/Event1/Success"
199,2022467,2041042,3,1,"Effect/BasicEff/Event1/Success"
200,2022467,2044906,3,1,"Effect/BasicEff/Event1/Success"
201,2022467,2043011,3,1,"Effect/BasicEff/Event1/Success"
202,2022467,2043106,3,1,"Effect/BasicEff/Event1/Success"
203,2022467,2043206,3,1,"Effect/BasicEff/Event1/Success"
204,2022467,2043306,3,1,"Effect/BasicEff/Event1/Success"
205,2022467,2043706,3,1,"Effect/BasicEff/Event1/Success"
206,2022467,2043806,3,1,"Effect/BasicEff/Event1/Success"
207,2022467,2044006,3,1,"Effect/BasicEff/Event1/Success"
208,2022467,2044106,3,1,"Effect/BasicEff/Event1/Success"
209,2022467,2044206,3,1,"Effect/BasicEff/Event1/Success"
210,2022467,2044306,3,1,"Effect/BasicEff/Event1/Success"
211,2022467,2044406,3,1,"Effect/BasicEff/Event1/Success"
212,2022467,2044506,3,1,"Effect/BasicEff/Event1/Success"
213,2022467,2044606,3,1,"Effect/BasicEff/Event1/Success"
214,2022467,2044706,3,1,"Effect/BasicEff/Event1/Success"
215,2022467,2044811,3,1,"Effect/BasicEff/Event1/Success"
216,2022467,4003000,8,10,"Effect/BasicEff/Event1/Success"
217,2022467,4003001,8,10,"Effect/BasicEff/Event1/Success"
218,2022467,4010000,8,5,"Effect/BasicEff/Event1/Success"
219,2022467,4010001,8,5,"Effect/BasicEff/Event1/Success"
220,2022467,4010002,8,5,"Effect/BasicEff/Event1/Success"
221,2022467,4010003,8,5,"Effect/BasicEff/Event1/Success"
222,2022467,4010004,8,5,"Effect/BasicEff/Event1/Success"
223,2022467,4010005,8,5,"Effect/BasicEff/Event1/Success"
224,2022467,4010006,8,5,"Effect/BasicEff/Event1/Success"
225,2022467,4010007,8,5,"Effect/BasicEff/Event1/Success"
226,2022467,4011000,10,1,"Effect/BasicEff/Event1/Success"
227,2022467,4011001,10,1,"Effect/BasicEff/Event1/Success"
228,2022467,4011002,10,1,"Effect/BasicEff/Event1/Success"
229,2022467,4011003,10,1,"Effect/BasicEff/Event1/Success"
230,2022467,4011004,10,1,"Effect/BasicEff/Event1/Success"
231,2022467,4011005,10,1,"Effect/BasicEff/Event1/Success"
232,2022467,4011006,10,1,"Effect/BasicEff/Event1/Success"
233,2022467,4011007,10,1,"Effect/BasicEff/Event1/Success"
234,2022467,4011008,20,1,"Effect/BasicEff/Event1/Success"
235,2022467,2022000,20,1,"Effect/BasicEff/Event1/Success"
236,2022467,2020010,20,1,"Effect/BasicEff/Event1/Success"
237,2022467,2001000,20,1,"Effect/BasicEff/Event1/Success"
238,2022467,2001002,20,1,"Effect/BasicEff/Event1/Success"
239,2022467,2001001,20,1,"Effect/BasicEff/Event1/Success"
240,2022467,2020012,20,1,"Effect/BasicEff/Event1/Success"
241,2022467,2020014,20,1,"Effect/BasicEff/Event1/Success"
242,2022467,2020013,20,1,"Effect/BasicEff/Event1/Success"
243,2022467,2020015,20,1,"Effect/BasicEff/Event1/Success"
244,2022468,2000004,30,10,"Effect/BasicEff/Event1/Success"
245,2022468,2000005,30,5,"Effect/BasicEff/Event1/Success"
246,2022468,2030000,15,15,"Effect/BasicEff/Event1/Success"
247,2022468,2050004,15,15,"Effect/BasicEff/Event1/Success"
248,2022468,4021007,15,1,"Effect/BasicEff/Event1/Success"
249,2022468,4021008,10,1,"Effect/BasicEff/Event1/Success"
250,2022468,2040021,10,1,"Effect/BasicEff/Event1/Success"
251,2022468,2040313,3,1,"Effect/BasicEff/Event1/Success"
252,2022468,2040415,3,1,"Effect/BasicEff/Event1/Success"
253,2022468,2040522,3,1,"Effect/BasicEff/Event1/Success"
254,2022468,2040615,3,1,"Effect/BasicEff/Event1/Success"
255,2022468,2040722,3,1,"Effect/BasicEff/Event1/Success"
256,2022468,2040821,3,1,"Effect/BasicEff/Event1/Success"
257,2022468,2041042,3,1,"Effect/BasicEff/Event1/Success"
258,2022468,2044906,3,1,"Effect/BasicEff/Event1/Success"
259,2022468,2043011,3,1,"Effect/BasicEff/Event1/Success"
260,2022468,2043106,3,1,"Effect/BasicEff/Event1/Success"
261,2022468,2043206,3,1,"Effect/BasicEff/Event1/Success"
262,2022468,2043306,3,1,"Effect/BasicEff/Event1/Success"
263,2022468,2043706,3,1,"Effect/BasicEff/Event1/Success"
264,2022468,2043806,3,1,"Effect/BasicEff/Event1/Success"
265,2022468,2044006,3,1,"Effect/BasicEff/Event1/Success"
266,2022468,2044106,3,1,"Effect/BasicEff/Event1/Success"
267,2022468,2044206,3,1,"Effect/BasicEff/Event1/Success"
268,2022468,2044306,3,1,"Effect/BasicEff/Event1/Success"
269,2022468,2044406,3,1,"Effect/BasicEff/Event1/Success"
270,2022468,2044506,3,1,"Effect/BasicEff/Event1/Success"
271,2022468,2044606,3,1,"Effect/BasicEff/Event1/Success"
272,2022468,2044706,3,1,"Effect/BasicEff/Event1/Success"
273,2022468,2044811,3,1,"Effect/BasicEff/Event1/Success"
274,2022468,4003000,8,10,"Effect/BasicEff/Event1/Success"
275,2022468,4003001,8,10,"Effect/BasicEff/Event1/Success"
276,2022468,4010000,8,5,"Effect/BasicEff/Event1/Success"
277,2022468,4010001,8,5,"Effect/BasicEff/Event1/Success"
278,2022468,4010002,8,5,"Effect/BasicEff/Event1/Success"
279,2022468,4010003,8,5,"Effect/BasicEff/Event1/Success"
280,2022468,4010004,8,5,"Effect/BasicEff/Event1/Success"
281,2022468,4010005,8,5,"Effect/BasicEff/Event1/Success"
282,2022468,4010006,8,5,"Effect/BasicEff/Event1/Success"
283,2022468,4010007,8,5,"Effect/BasicEff/Event1/Success"
284,2022468,4011000,10,1,"Effect/BasicEff/Event1/Success"
285,2022468,4011001,10,1,"Effect/BasicEff/Event1/Success"
286,2022468,4011002,10,1,"Effect/BasicEff/Event1/Success"
287,2022468,4011003,10,1,"Effect/BasicEff/Event1/Success"
288,2022468,4011004,10,1,"Effect/BasicEff/Event1/Success"
289,2022468,4011005,10,1,"Effect/BasicEff/Event1/Success"
290,2022468,4011006,10,1,"Effect/BasicEff/Event1/Success"
291,2022468,4011007,10,1,"Effect/BasicEff/Event1/Success"
292,2022468,4011008,20,1,"Effect/BasicEff/Event1/Success"
293,2022468,2020012,20,1,"Effect/BasicEff/Event1/Success"
294,2022468,2020014,20,1,"Effect/BasicEff/Event1/Success"
295,2022468,2020013,20,1,"Effect/BasicEff/Event1/Success"
296,2022468,2020015,20,1,"Effect/BasicEff/Event1/Success"
297,2022503,1132010,2285,1,"Effect/BasicEff/Event1/Good"
298,2022503,2020015,50,10,"Effect/BasicEff/Event1/Good"
299,2022503,2049100,1,1,"Effect/BasicEff/Event1/Best"
300,2022503,2049000,1,1,"Effect/BasicEff/Event1/Best"
301,2022503,2041102,1,1,"Effect/BasicEff/Event1/Best"
302,2022503,2041105,1,1,"Effect/BasicEff/Event1/Best"
303,2022503,2041108,1,1,"Effect/BasicEff/Event1/Best"
304,2022503,2041111,1,1,"Effect/BasicEff/Event1/Best"
305,2022503,2041301,1,1,"Effect/BasicEff/Event1/Best"
306,2022503,2041304,1,1,"Effect/BasicEff/Event1/Best"
307,2022503,2041307,1,1,"Effect/BasicEff/Event1/Best"
308,2022503,2041310,1,1,"Effect/BasicEff/Event1/Best"
309,2022503,2041300,450,1,"Effect/BasicEff/Event1/Good"
310,2022503,2041303,450,1,"Effect/BasicEff/Event1/Good"
311,2022503,2041306,450,1,"Effect/BasicEff/Event1/Good"
312,2022503,2041309,450,1,"Effect/BasicEff/Event1/Good"
313,2022503,2100120,300,1,"Effect/BasicEff/Event1/Good"
314,2022503,2100121,300,1,"Effect/BasicEff/Event1/Good"
315,2022503,2100122,1,1,"Effect/BasicEff/Event1/Good"
316,2022503,2100123,1,1,"Effect/BasicEff/Event1/Good"
317,2022503,2100124,1,1,"Effect/BasicEff/Event1/Good"
318,2022503,2100125,1,1,"Effect/BasicEff/Event1/Good"
319,2022503,2100126,1,1,"Effect/BasicEff/Event1/Good"
320,2022503,2100127,1,1,"Effect/BasicEff/Event1/Good"
321,2022503,2100128,1,1,"Effect/BasicEff/Event1/Good"
322,2022503,2100129,1,1,"Effect/BasicEff/Event1/Good"
323,2022503,2100130,1,1,"Effect/BasicEff/Event1/Good"
324,2022503,2000002,2285,30,"Effect/BasicEff/Event1/Good"
325,2022503,2000003,2285,20,"Effect/BasicEff/Event1/Good"
326,2022503,2000004,50,10,"Effect/BasicEff/Event1/Good"
327,2022503,2000005,50,5,"Effect/BasicEff/Event1/Good"
328,2022503,2000006,500,20,"Effect/BasicEff/Event1/Good"
329,2022503,2000007,2285,30,"Effect/BasicEff/Event1/Good"
330,2022503,2000008,2285,30,"Effect/BasicEff/Event1/Good"
331,2022503,2000009,2285,30,"Effect/BasicEff/Event1/Good"
332,2022503,2000010,2285,30,"Effect/BasicEff/Event1/Good"
333,2022503,2000011,500,30,"Effect/BasicEff/Event1/Good"
334,2022503,2001000,50,10,"Effect/BasicEff/Event1/Good"
335,2022503,2001001,50,10,"Effect/BasicEff/Event1/Good"
336,2022503,2001002,50,10,"Effect/BasicEff/Event1/Good"
337,2022503,2020012,50,10,"Effect/BasicEff/Event1/Good"
338,2022503,2020013,50,10,"Effect/BasicEff/Event1/Good"
339,2022503,2020014,50,10,"Effect/BasicEff/Event1/Good"
340,2022504,1132010,2000,1,"Effect/BasicEff/Event1/Good"
341,2022504,1122017,500,1,"Effect/BasicEff/Event1/Good"
342,2022504,2049100,1,1,"Effect/BasicEff/Event1/Best"
343,2022504,2049000,1,1,"Effect/BasicEff/Event1/Best"
344,2022504,2041102,1,1,"Effect/BasicEff/Event1/Best"
345,2022504,2041105,1,1,"Effect/BasicEff/Event1/Best"
346,2022504,2041108,1,1,"Effect/BasicEff/Event1/Best"
347,2022504,2041111,1,1,"Effect/BasicEff/Event1/Best"
348,2022504,2041301,1,1,"Effect/BasicEff/Event1/Best"
349,2022504,2041304,1,1,"Effect/BasicEff/Event1/Best"
350,2022504,2041307,1,1,"Effect/BasicEff/Event1/Best"
351,2022504,2041310,1,1,"Effect/BasicEff/Event1/Best"
352,2022504,2041300,450,1,"Effect/BasicEff/Event1/Good"
353,2022504,2041303,450,1,"Effect/BasicEff/Event1/Good"
354,2022504,2041306,450,1,"Effect/BasicEff/Event1/Good"
355,2022504,2041309,450,1,"Effect/BasicEff/Event1/Good"
356,2022504,2100900,1500,1,"Effect/BasicEff/Event1/Good"
357,2022504,2100120,300,1,"Effect/BasicEff/Event1/Good"
358,2022504,2100121,300,1,"Effect/BasicEff/Event1/Good"
359,2022504,2100122,300,1,"Effect/BasicEff/Event1/Good"
360,2022504,2100123,300,1,"Effect/BasicEff/Event1/Good"
361,2022504,2100124,1,1,"Effect/BasicEff/Event1/Good"
362,2022504,2100125,1,1,"Effect/BasicEff/Event1/Good"
363,2022504,2100126,1,1,"Effect/BasicEff/Event1/Good"
364,2022504,2100127,1,1,"Effect/BasicEff/Event1/Good"
365,2022504,2100128,1,1,"Effect/BasicEff/Event1/Good"
366,2022504,2100129,1,1,"Effect/BasicEff/Event1/Good"
367,2022504,2100130,1,1,"Effect/BasicEff/Event1/Good"
368,2022504,2000002,1,30,"Effect/BasicEff/Event1/Good"
369,2022504,2000003,1,20,"Effect/BasicEff/Event1/Good"
370,2022504,2000004,100,10,"Effect/BasicEff/Event1/Good"
371,2022504,2000005,100,5,"Effect/BasicEff/Event1/Good"
372,2022504,2000006,500,20,"Effect/BasicEff/Event1/Good"
373,2022504,2000007,2000,30,"Effect/BasicEff/Event1/Good"
374,2022504,2000008,2000,30,"Effect/BasicEff/Event1/Good"
375,2022504,2000009,2000,30,"Effect/BasicEff/Event1/Good"
376,2022504,2000010,2000,30,"Effect/BasicEff/Event1/Good"
377,2022504,2000011,500,30,"Effect/BasicEff/Event1/Good"
378,2022504,2001000,100,10,"Effect/BasicEff/Event1/Good"
379,2022504,2001001,100,10,"Effect/BasicEff/Event1/Good"
380,2022504,2001002,100,10,"Effect/BasicEff/Event1/Good"
381,2022504,2020012,100,10,"Effect/BasicEff/Event1/Good"
382,2022504,2020013,100,10,"Effect/BasicEff/Event1/Good"
383,2022504,2020014,100,10,"Effect/BasicEff/Event1/Good"
384,2022504,2020015,100,10,"Effect/BasicEff/Event1/Good"
385,2022505,1132010,2000,1,"Effect/BasicEff/Event1/Good"
386,2022505,1122017,500,1,"Effect/BasicEff/Event1/Good"
387,2022505,2049100,1,1,"Effect/BasicEff/Event1/Best"
388,2022505,2049000,1,1,"Effect/BasicEff/Event1/Best"
389,2022505,2041102,1,1,"Effect/BasicEff/Event1/Best"
390,2022505,2041105,1,1,"Effect/BasicEff/Event1/Best"
391,2022505,2041108,1,1,"Effect/BasicEff/Event1/Best"
392,2022505,2041111,1,1,"Effect/BasicEff/Event1/Best"
393,2022505,2041301,1,1,"Effect/BasicEff/Event1/Best"
394,2022505,2041304,1,1,"Effect/BasicEff/Event1/Best"
395,2022505,2041307,1,1,"Effect/BasicEff/Event1/Best"
396,2022505,2041310,1,1,"Effect/BasicEff/Event1/Best"
397,2022505,2041300,450,1,"Effect/BasicEff/Event1/Good"
398,2022505,2041303,450,1,"Effect/BasicEff/Event1/Good"
399,2022505,2041306,450,1,"Effect/BasicEff/Event1/Good"
400,2022505,2041309,450,1,"Effect/BasicEff/Event1/Good"
401,2022505,2100900,1500,1,"Effect/BasicEff/Event1/Good"
402,2022505,2100120,1,1,"Effect/BasicEff/Event1/Good"
403,2022505,2100121,300,1,"Effect/BasicEff/Event1/Good"
404,2022505,2100122,300,1,"Effect/BasicEff/Event1/Good"
405,2022505,2100123,300,1,"Effect/BasicEff/Event1/Good"
406,2022505,2100124,300,1,"Effect/BasicEff/Event1/Good"
407,2022505,2100125,1,1,"Effect/BasicEff/Event1/Good"
408,2022505,2100126,1,1,"Effect/BasicEff/Event1/Good"
409,2022505,2100127,1,1,"Effect/BasicEff/Event1/Good"
410,2022505,2100128,1,1,"Effect/BasicEff/Event1/Good"
411,2022505,2100129,1,1,"Effect/BasicEff/Event1/Good"
412,2022505,2100130,1,1,"Effect/BasicEff/Event1/Good"
413,2022505,2000002,1,30,"Effect/BasicEff/Event1/Good"
414,2022505,2000003,1,20,"Effect/BasicEff/Event1/Good"
415,2022505,2000004,150,10,"Effect/BasicEff/Event1/Good"
416,2022505,2000005,150,5,"Effect/BasicEff/Event1/Good"
417,2022505,2000006,400,20,"Effect/BasicEff/Event1/Good"
418,2022505,2000007,1900,30,"Effect/BasicEff/Event1/Good"
419,2022505,2000008,1900,30,"Effect/BasicEff/Event1/Good"
420,2022505,2000009,1900,30,"Effect/BasicEff/Event1/Good"
421,2022505,2000010,1900,30,"Effect/BasicEff/Event1/Good"
422,2022505,2000011,400,30,"Effect/BasicEff/Event1/Good"
423,2022505,2001000,100,10,"Effect/BasicEff/Event1/Good"
424,2022505,2001001,100,10,"Effect/BasicEff/Event1/Good"
425,2022505,2001002,100,10,"Effect/BasicEff/Event1/Good"
426,2022505,2020012,100,10,"Effect/BasicEff/Event1/Good"
427,2022505,2020013,100,10,"Effect/BasicEff/Event1/Good"
428,2022505,2020014,100,10,"Effect/BasicEff/Event1/Good"
429,2022505,2020015,100,10,"Effect/BasicEff/Event1/Good"
430,2022506,1132010,2000,1,"Effect/BasicEff/Event1/Good"
431,2022506,1122017,500,1,"Effect/BasicEff/Event1/Good"
432,2022506,2049100,1,1,"Effect/BasicEff/Event1/Best"
433,2022506,2049000,1,1,"Effect/BasicEff/Event1/Best"
434,2022506,2041102,1,1,"Effect/BasicEff/Event1/Best"
435,2022506,2041105,1,1,"Effect/BasicEff/Event1/Best"
436,2022506,2041108,1,1,"Effect/BasicEff/Event1/Best"
437,2022506,2041111,1,1,"Effect/BasicEff/Event1/Best"
438,2022506,2041301,1,1,"Effect/BasicEff/Event1/Best"
439,2022506,2041304,1,1,"Effect/BasicEff/Event1/Best"
440,2022506,2041307,1,1,"Effect/BasicEff/Event1/Best"
441,2022506,2041310,1,1,"Effect/BasicEff/Event1/Best"
442,2022506,2041300,450,1,"Effect/BasicEff/Event1/Good"
443,2022506,2041303,450,1,"Effect/BasicEff/Event1/Good"
444,2022506,2041306,450,1,"Effect/BasicEff/Event1/Good"
445,2022506,2041309,450,1,"Effect/BasicEff/Event1/Good"
446,2022506,2100900,1500,1,"Effect/BasicEff/Event1/Good"
447,2022506,2100120,1,1,"Effect/BasicEff/Event1/Good"
448,2022506,2100121,1,1,"Effect/BasicEff/Event1/Good"
449,2022506,2100122,300,1,"Effect/BasicEff/Event1/Good"
450,2022506,2100123,300,1,"Effect/BasicEff/Event1/Good"
451,2022506,2100124,300,1,"Effect/BasicEff/Event1/Good"
452,2022506,2100125,300,1,"Effect/BasicEff/Event1/Good"
453,2022506,2100126,1,1,"Effect/BasicEff/Event1/Good"
454,2022506,2100127,1,1,"Effect/BasicEff/Event1/Good"
455,2022506,2100128,1,1,"Effect/BasicEff/Event1/Good"
456,2022506,2100129,1,1,"Effect/BasicEff/Event1/Good"
457,2022506,2100130,1,1,"Effect/BasicEff/Event1/Good"
458,2022506,2000002,1,30,"Effect/BasicEff/Event1/Good"
459,2022506,2000003,1,20,"Effect/BasicEff/Event1/Good"
460,2022506,2000004,200,10,"Effect/BasicEff/Event1/Good"
461,2022506,2000005,200,5,"Effect/BasicEff/Event1/Good"
462,2022506,2000006,400,20,"Effect/BasicEff/Event1/Good"
463,2022506,2000007,1800,30,"Effect/BasicEff/Event1/Good"
464,2022506,2000008,1800,30,"Effect/BasicEff/Event1/Good"
465,2022506,2000009,1800,30,"Effect/BasicEff/Event1/Good"
466,2022506,2000010,1800,30,"Effect/BasicEff/Event1/Good"
467,2022506,2000011,400,30,"Effect/BasicEff/Event1/Good"
468,2022506,2001000,100,10,"Effect/BasicEff/Event1/Good"
469,2022506,2001001,100,10,"Effect/BasicEff/Event1/Good"
470,2022506,2001002,100,10,"Effect/BasicEff/Event1/Good"
471,2022506,2020012,100,10,"Effect/BasicEff/Event1/Good"
472,2022506,2020013,100,10,"Effect/BasicEff/Event1/Good"
473,2022506,2020014,100,10,"Effect/BasicEff/Event1/Good"
474,2022506,2020015,100,10,"Effect/BasicEff/Event1/Good"
475,2022507,1132010,2000,1,"Effect/BasicEff/Event1/Good"
476,2022507,1122017,500,1,"Effect/BasicEff/Event1/Good"
477,2022507,2049100,1,1,"Effect/BasicEff/Event1/Best"
478,2022507,2049000,1,1,"Effect/BasicEff/Event1/Best"
479,2022507,2041102,1,1,"Effect/BasicEff/Event1/Best"
480,2022507,2041105,1,1,"Effect/BasicEff/Event1/Best"
481,2022507,2041108,1,1,"Effect/BasicEff/Event1/Best"
482,2022507,2041111,1,1,"Effect/BasicEff/Event1/Best"
483,2022507,2041301,1,1,"Effect/BasicEff/Event1/Best"
484,2022507,2041304,1,1,"Effect/BasicEff/Event1/Best"
485,2022507,2041307,1,1,"Effect/BasicEff/Event1/Best"
486,2022507,2041310,1,1,"Effect/BasicEff/Event1/Best"
487,2022507,2041300,450,1,"Effect/BasicEff/Event1/Good"
488,2022507,2041303,450,1,"Effect/BasicEff/Event1/Good"
489,2022507,2041306,450,1,"Effect/BasicEff/Event1/Good"
490,2022507,2041309,450,1,"Effect/BasicEff/Event1/Good"
491,2022507,2100900,1500,1,"Effect/BasicEff/Event1/Good"
492,2022507,2100120,1,1,"Effect/BasicEff/Event1/Good"
493,2022507,2100121,1,1,"Effect/BasicEff/Event1/Good"
494,2022507,2100122,1,1,"Effect/BasicEff/Event1/Good"
495,2022507,2100123,300,1,"Effect/BasicEff/Event1/Good"
496,2022507,2100124,300,1,"Effect/BasicEff/Event1/Good"
497,2022507,2100125,300,1,"Effect/BasicEff/Event1/Good"
498,2022507,2100126,300,1,"Effect/BasicEff/Event1/Good"
499,2022507,2100127,1,1,"Effect/BasicEff/Event1/Good"
500,2022507,2100128,1,1,"Effect/BasicEff/Event1/Good"
501,2022507,2100129,1,1,"Effect/BasicEff/Event1/Good"
502,2022507,2100130,1,1,"Effect/BasicEff/Event1/Good"
503,2022507,2000002,1,30,"Effect/BasicEff/Event1/Good"
504,2022507,2000003,1,20,"Effect/BasicEff/Event1/Good"
505,2022507,2000004,250,10,"Effect/BasicEff/Event1/Good"
506,2022507,2000005,250,5,"Effect/BasicEff/Event1/Good"
507,2022507,2000006,300,20,"Effect/BasicEff/Event1/Good"
508,2022507,2000007,1700,30,"Effect/BasicEff/Event1/Good"
509,2022507,2000008,1700,30,"Effect/BasicEff/Event1/Good"
510,2022507,2000009,1700,30,"Effect/BasicEff/Event1/Good"
511,2022507,2000010,1700,30,"Effect/BasicEff/Event1/Good"
512,2022507,2000011,300,30,"Effect/BasicEff/Event1/Good"
513,2022507,2001000,100,10,"Effect/BasicEff/Event1/Good"
514,2022507,2001001,100,10,"Effect/BasicEff/Event1/Good"
515,2022507,2001002,100,10,"Effect/BasicEff/Event1/Good"
516,2022507,2020012,100,10,"Effect/BasicEff/Event1/Good"
517,2022507,2020013,100,10,"Effect/BasicEff/Event1/Good"
518,2022507,2020014,100,10,"Effect/BasicEff/Event1/Good"
519,2022507,2020015,100,10,"Effect/BasicEff/Event1/Good"
520,2022508,1132010,2000,1,"Effect/BasicEff/Event1/Good"
521,2022508,1122017,500,1,"Effect/BasicEff/Event1/Good"
522,2022508,2049100,1,1,"Effect/BasicEff/Event1/Best"
523,2022508,2049000,1,1,"Effect/BasicEff/Event1/Best"
524,2022508,2041102,1,1,"Effect/BasicEff/Event1/Best"
525,2022508,2041105,1,1,"Effect/BasicEff/Event1/Best"
526,2022508,2041108,1,1,"Effect/BasicEff/Event1/Best"
527,2022508,2041111,1,1,"Effect/BasicEff/Event1/Best"
528,2022508,2041301,1,1,"Effect/BasicEff/Event1/Best"
529,2022508,2041304,1,1,"Effect/BasicEff/Event1/Best"
530,2022508,2041307,1,1,"Effect/BasicEff/Event1/Best"
531,2022508,2041310,1,1,"Effect/BasicEff/Event1/Best"
532,2022508,2041300,550,1,"Effect/BasicEff/Event1/Good"
533,2022508,2041303,550,1,"Effect/BasicEff/Event1/Good"
534,2022508,2041306,550,1,"Effect/BasicEff/Event1/Good"
535,2022508,2041309,550,1,"Effect/BasicEff/Event1/Good"
536,2022508,2100900,1500,1,"Effect/BasicEff/Event1/Good"
537,2022508,2100120,1,1,"Effect/BasicEff/Event1/Good"
538,2022508,2100121,1,1,"Effect/BasicEff/Event1/Good"
539,2022508,2100122,1,1,"Effect/BasicEff/Event1/Good"
540,2022508,2100123,1,1,"Effect/BasicEff/Event1/Good"
541,2022508,2100124,300,1,"Effect/BasicEff/Event1/Good"
542,2022508,2100125,300,1,"Effect/BasicEff/Event1/Good"
543,2022508,2100126,300,1,"Effect/BasicEff/Event1/Good"
544,2022508,2100127,300,1,"Effect/BasicEff/Event1/Good"
545,2022508,2100128,1,1,"Effect/BasicEff/Event1/Good"
546,2022508,2100129,1,1,"Effect/BasicEff/Event1/Good"
547,2022508,2100130,1,1,"Effect/BasicEff/Event1/Good"
548,2022508,2000002,1,30,"Effect/BasicEff/Event1/Good"
549,2022508,2000003,1,20,"Effect/BasicEff/Event1/Good"
550,2022508,2000004,300,10,"Effect/BasicEff/Event1/Good"
551,2022508,2000005,300,5,"Effect/BasicEff/Event1/Good"
552,2022508,2000006,300,20,"Effect/BasicEff/Event1/Good"
553,2022508,2000007,1500,30,"Effect/BasicEff/Event1/Good"
554,2022508,2000008,1500,30,"Effect/BasicEff/Event1/Good"
555,2022508,2000009,1500,30,"Effect/BasicEff/Event1/Good"
556,2022508,2000010,1500,30,"Effect/BasicEff/Event1/Good"
557,2022508,2000011,300,30,"Effect/BasicEff/Event1/Good"
558,2022508,2001000,100,10,"Effect/BasicEff/Event1/Good"
559,2022508,2001001,100,10,"Effect/BasicEff/Event1/Good"
560,2022508,2001002,100,10,"Effect/BasicEff/Event1/Good"
561,2022508,2020012,100,10,"Effect/BasicEff/Event1/Good"
562,2022508,2020013,100,10,"Effect/BasicEff/Event1/Good"
563,2022508,2020014,100,10,"Effect/BasicEff/Event1/Good"
564,2022508,2020015,100,10,"Effect/BasicEff/Event1/Good"
565,2022509,1132010,2000,1,"Effect/BasicEff/Event1/Good"
566,2022509,1122017,500,1,"Effect/BasicEff/Event1/Good"
567,2022509,2049100,1,1,"Effect/BasicEff/Event1/Best"
568,2022509,2049000,1,1,"Effect/BasicEff/Event1/Best"
569,2022509,2041102,1,1,"Effect/BasicEff/Event1/Best"
570,2022509,2041105,1,1,"Effect/BasicEff/Event1/Best"
571,2022509,2041108,1,1,"Effect/BasicEff/Event1/Best"
572,2022509,2041111,1,1,"Effect/BasicEff/Event1/Best"
573,2022509,2041301,1,1,"Effect/BasicEff/Event1/Best"
574,2022509,2041304,1,1,"Effect/BasicEff/Event1/Best"
575,2022509,2041307,1,1,"Effect/BasicEff/Event1/Best"
576,2022509,2041310,1,1,"Effect/BasicEff/Event1/Best"
577,2022509,2041300,550,1,"Effect/BasicEff/Event1/Good"
578,2022509,2041303,550,1,"Effect/BasicEff/Event1/Good"
579,2022509,2041306,550,1,"Effect/BasicEff/Event1/Good"
580,2022509,2041309,550,1,"Effect/BasicEff/Event1/Good"
581,2022509,2100900,1500,1,"Effect/BasicEff/Event1/Good"
582,2022509,2100120,1,1,"Effect/BasicEff/Event1/Good"
583,2022509,2100121,1,1,"Effect/BasicEff/Event1/Good"
584,2022509,2100122,1,1,"Effect/BasicEff/Event1/Good"
585,2022509,2100123,1,1,"Effect/BasicEff/Event1/Good"
586,2022509,2100124,1,1,"Effect/BasicEff/Event1/Good"
587,2022509,2100125,300,1,"Effect/BasicEff/Event1/Good"
588,2022509,2100126,300,1,"Effect/BasicEff/Event1/Good"
589,2022509,2100127,300,1,"Effect/BasicEff/Event1/Good"
590,2022509,2100128,300,1,"Effect/BasicEff/Event1/Good"
591,2022509,2100129,300,1,"Effect/BasicEff/Event1/Good"
592,2022509,2100130,1,1,"Effect/BasicEff/Event1/Good"
593,2022509,2000002,1,30,"Effect/BasicEff/Event1/Good"
594,2022509,2000003,1,20,"Effect/BasicEff/Event1/Good"
595,2022509,2000004,350,10,"Effect/BasicEff/Event1/Good"
596,2022509,2000005,350,5,"Effect/BasicEff/Event1/Good"
597,2022509,2000006,200,20,"Effect/BasicEff/Event1/Good"
598,2022509,2000007,1000,30,"Effect/BasicEff/Event1/Good"
599,2022509,2000008,1000,30,"Effect/BasicEff/Event1/Good"
600,2022509,2000009,1000,30,"Effect/BasicEff/Event1/Good"
601,2022509,2000010,1000,30,"Effect/BasicEff/Event1/Good"
602,2022509,2000011,200,30,"Effect/BasicEff/Event1/Good"
603,2022509,2001000,250,10,"Effect/BasicEff/Event1/Good"
604,2022509,2001001,250,10,"Effect/BasicEff/Event1/Good"
605,2022509,2001002,250,10,"Effect/BasicEff/Event1/Good"
606,2022509,2020012,250,10,"Effect/BasicEff/Event1/Good"
607,2022509,2020013,250,10,"Effect/BasicEff/Event1/Good"
608,2022509,2020014,250,10,"Effect/BasicEff/Event1/Good"
609,2022509,2020015,250,10,"Effect/BasicEff/Event1/Good"
610,2022510,1132010,2000,1,"Effect/BasicEff/Event1/Good"
611,2022510,1122017,500,1,"Effect/BasicEff/Event1/Good"
612,2022510,2049100,1,1,"Effect/BasicEff/Event1/Best"
613,2022510,2049000,1,1,"Effect/BasicEff/Event1/Best"
614,2022510,2041102,1,1,"Effect/BasicEff/Event1/Best"
615,2022510,2041105,1,1,"Effect/BasicEff/Event1/Best"
616,2022510,2041108,1,1,"Effect/BasicEff/Event1/Best"
617,2022510,2041111,1,1,"Effect/BasicEff/Event1/Best"
618,2022510,2041301,1,1,"Effect/BasicEff/Event1/Best"
619,2022510,2041304,1,1,"Effect/BasicEff/Event1/Best"
620,2022510,2041307,1,1,"Effect/BasicEff/Event1/Best"
621,2022510,2041310,1,1,"Effect/BasicEff/Event1/Best"
622,2022510,2041300,550,1,"Effect/BasicEff/Event1/Good"
623,2022510,2041303,550,1,"Effect/BasicEff/Event1/Good"
624,2022510,2041306,550,1,"Effect/BasicEff/Event1/Good"
625,2022510,2041309,550,1,"Effect/BasicEff/Event1/Good"
626,2022510,2100900,1500,1,"Effect/BasicEff/Event1/Good"
627,2022510,2100120,1,1,"Effect/BasicEff/Event1/Good"
628,2022510,2100121,1,1,"Effect/BasicEff/Event1/Good"
629,2022510,2100122,1,1,"Effect/BasicEff/Event1/Good"
630,2022510,2100123,1,1,"Effect/BasicEff/Event1/Good"
631,2022510,2100124,1,1,"Effect/BasicEff/Event1/Good"
632,2022510,2100125,1,1,"Effect/BasicEff/Event1/Good"
633,2022510,2100126,300,1,"Effect/BasicEff/Event1/Good"
634,2022510,2100127,300,1,"Effect/BasicEff/Event1/Good"
635,2022510,2100128,300,1,"Effect/BasicEff/Event1/Good"
636,2022510,2100129,300,1,"Effect/BasicEff/Event1/Good"
637,2022510,2100130,300,1,"Effect/BasicEff/Event1/Good"
638,2022510,2000002,1,30,"Effect/BasicEff/Event1/Good"
639,2022510,2000003,1,20,"Effect/BasicEff/Event1/Good"
640,2022510,2000004,400,10,"Effect/BasicEff/Event1/Good"
641,2022510,2000005,400,5,"Effect/BasicEff/Event1/Good"
642,2022510,2000006,200,20,"Effect/BasicEff/Event1/Good"
643,2022510,2000007,400,30,"Effect/BasicEff/Event1/Good"
644,2022510,2000008,400,30,"Effect/BasicEff/Event1/Good"
645,2022510,2000009,400,30,"Effect/BasicEff/Event1/Good"
646,2022510,2000010,400,30,"Effect/BasicEff/Event1/Good"
647,2022510,2000011,200,30,"Effect/BasicEff/Event1/Good"
648,2022510,2001000,500,10,"Effect/BasicEff/Event1/Good"
649,2022510,2001001,500,10,"Effect/BasicEff/Event1/Good"
650,2022510,2001002,500,10,"Effect/BasicEff/Event1/Good"
651,2022510,2020012,500,10,"Effect/BasicEff/Event1/Good"
652,2022510,2020013,500,10,"Effect/BasicEff/Event1/Good"
653,2022510,2020014,500,10,"Effect/BasicEff/Event1/Good"
654,2022510,2020015,500,10,"Effect/BasicEff/Event1/Good"
655,2022511,1132010,2000,1,"Effect/BasicEff/Event1/Good"
656,2022511,1122017,500,1,"Effect/BasicEff/Event1/Good"
657,2022511,2049100,1,1,"Effect/BasicEff/Event1/Best"
658,2022511,2049000,1,1,"Effect/BasicEff/Event1/Best"
659,2022511,2041102,1,1,"Effect/BasicEff/Event1/Best"
660,2022511,2041105,1,1,"Effect/BasicEff/Event1/Best"
661,2022511,2041108,1,1,"Effect/BasicEff/Event1/Best"
662,2022511,2041111,1,1,"Effect/BasicEff/Event1/Best"
663,2022511,2041301,1,1,"Effect/BasicEff/Event1/Best"
664,2022511,2041304,1,1,"Effect/BasicEff/Event1/Best"
665,2022511,2041307,1,1,"Effect/BasicEff/Event1/Best"
666,2022511,2041310,1,1,"Effect/BasicEff/Event1/Best"
667,2022511,2041300,550,1,"Effect/BasicEff/Event1/Good"
668,2022511,2041303,550,1,"Effect/BasicEff/Event1/Good"
669,2022511,2041306,550,1,"Effect/BasicEff/Event1/Good"
670,2022511,2041309,550,1,"Effect/BasicEff/Event1/Good"
671,2022511,2100900,1500,1,"Effect/BasicEff/Event1/Good"
672,2022511,2100120,1,1,"Effect/BasicEff/Event1/Good"
673,2022511,2100121,1,1,"Effect/BasicEff/Event1/Good"
674,2022511,2100122,1,1,"Effect/BasicEff/Event1/Good"
675,2022511,2100123,1,1,"Effect/BasicEff/Event1/Good"
676,2022511,2100124,1,1,"Effect/BasicEff/Event1/Good"
677,2022511,2100125,1,1,"Effect/BasicEff/Event1/Good"
678,2022511,2100126,1,1,"Effect/BasicEff/Event1/Good"
679,2022511,2100127,1,1,"Effect/BasicEff/Event1/Good"
680,2022511,2100128,1,1,"Effect/BasicEff/Event1/Good"
681,2022511,2100129,1,1,"Effect/BasicEff/Event1/Good"
682,2022511,2100130,1,1,"Effect/BasicEff/Event1/Good"
683,2022511,2000002,1,30,"Effect/BasicEff/Event1/Good"
684,2022511,2000003,1,20,"Effect/BasicEff/Event1/Good"
685,2022511,2000004,450,10,"Effect/BasicEff/Event1/Good"
686,2022511,2000005,450,5,"Effect/BasicEff/Event1/Good"
687,2022511,2000006,100,20,"Effect/BasicEff/Event1/Good"
688,2022511,2000007,400,30,"Effect/BasicEff/Event1/Good"
689,2022511,2000008,400,30,"Effect/BasicEff/Event1/Good"
690,2022511,2000009,400,30,"Effect/BasicEff/Event1/Good"
691,2022511,2000010,400,30,"Effect/BasicEff/Event1/Good"
692,2022511,2000011,100,30,"Effect/BasicEff/Event1/Good"
693,2022511,2001000,500,10,"Effect/BasicEff/Event1/Good"
694,2022511,2001001,500,10,"Effect/BasicEff/Event1/Good"
695,2022511,2001002,500,10,"Effect/BasicEff/Event1/Good"
696,2022511,2020012,500,10,"Effect/BasicEff/Event1/Good"
697,2022511,2020013,500,10,"Effect/BasicEff/Event1/Good"
698,2022511,2020014,500,10,"Effect/BasicEff/Event1/Good"
699,2022511,2020015,500,10,"Effect/BasicEff/Event1/Good"
700,2022512,1132010,2000,1,"Effect/BasicEff/Event1/Good"
701,2022512,1122017,500,1,"Effect/BasicEff/Event1/Good"
702,2022512,2049100,1,1,"Effect/BasicEff/Event1/Best"
703,2022512,2049000,1,1,"Effect/BasicEff/Event1/Best"
704,2022512,2041102,1,1,"Effect/BasicEff/Event1/Best"
705,2022512,2041105,1,1,"Effect/BasicEff/Event1/Best"
706,2022512,2041108,1,1,"Effect/BasicEff/Event1/Best"
707,2022512,2041111,1,1,"Effect/BasicEff/Event1/Best"
708,2022512,2041301,1,1,"Effect/BasicEff/Event1/Best"
709,2022512,2041304,1,1,"Effect/BasicEff/Event1/Best"
710,2022512,2041307,1,1,"Effect/BasicEff/Event1/Best"
711,2022512,2041310,1,1,"Effect/BasicEff/Event1/Best"
712,2022512,2041300,650,1,"Effect/BasicEff/Event1/Good"
713,2022512,2041303,650,1,"Effect/BasicEff/Event1/Good"
714,2022512,2041306,650,1,"Effect/BasicEff/Event1/Good"
715,2022512,2041309,650,1,"Effect/BasicEff/Event1/Good"
716,2022512,2100900,1500,1,"Effect/BasicEff/Event1/Good"
717,2022512,2100120,1,1,"Effect/BasicEff/Event1/Good"
718,2022512,2100121,1,1,"Effect/BasicEff/Event1/Good"
719,2022512,2100122,1,1,"Effect/BasicEff/Event1/Good"
720,2022512,2100123,1,1,"Effect/BasicEff/Event1/Good"
721,2022512,2100124,1,1,"Effect/BasicEff/Event1/Good"
722,2022512,2100125,1,1,"Effect/BasicEff/Event1/Good"
723,2022512,2100126,1,1,"Effect/BasicEff/Event1/Good"
724,2022512,2100127,1,1,"Effect/BasicEff/Event1/Good"
725,2022512,2100128,1,1,"Effect/BasicEff/Event1/Good"
726,2022512,2100129,1,1,"Effect/BasicEff/Event1/Good"
727,2022512,2100130,1,1,"Effect/BasicEff/Event1/Good"
728,2022512,2000002,1,30,"Effect/BasicEff/Event1/Good"
729,2022512,2000003,1,20,"Effect/BasicEff/Event1/Good"
730,2022512,2000004,500,10,"Effect/BasicEff/Event1/Good"
731,2022512,2000005,500,5,"Effect/BasicEff/Event1/Good"
732,2022512,2000006,100,20,"Effect/BasicEff/Event1/Good"
733,2022512,2000007,350,30,"Effect/BasicEff/Event1/Good"
734,2022512,2000008,350,30,"Effect/BasicEff/Event1/Good"
735,2022512,2000009,350,30,"Effect/BasicEff/Event1/Good"
736,2022512,2000010,350,30,"Effect/BasicEff/Event1/Good"
737,2022512,2000011,100,30,"Effect/BasicEff/Event1/Good"
738,2022512,2001000,500,10,"Effect/BasicEff/Event1/Good"
739,2022512,2001001,500,10,"Effect/BasicEff/Event1/Good"
740,2022512,2001002,500,10,"Effect/BasicEff/Event1/Good"
741,2022512,2020012,500,10,"Effect/BasicEff/Event1/Good"
742,2022512,2020013,500,10,"Effect/BasicEff/Event1/Good"
743,2022512,2020014,500,10,"Effect/BasicEff/Event1/Good"
744,2022512,2020015,500,10,"Effect/BasicEff/Event1/Good"
745,2022513,1132010,2000,1,"Effect/BasicEff/Event1/Good"
746,2022513,1122017,500,1,"Effect/BasicEff/Event1/Good"
747,2022513,2049100,1,1,"Effect/BasicEff/Event1/Best"
748,2022513,2049000,1,1,"Effect/BasicEff/Event1/Best"
749,2022513,2041102,1,1,"Effect/BasicEff/Event1/Best"
750,2022513,2041105,1,1,"Effect/BasicEff/Event1/Best"
751,2022513,2041108,1,1,"Effect/BasicEff/Event1/Best"
752,2022513,2041111,1,1,"Effect/BasicEff/Event1/Best"
753,2022513,2041301,1,1,"Effect/BasicEff/Event1/Best"
754,2022513,2041304,1,1,"Effect/BasicEff/Event1/Best"
755,2022513,2041307,1,1,"Effect/BasicEff/Event1/Best"
756,2022513,2041310,1,1,"Effect/BasicEff/Event1/Best"
757,2022513,2041300,700,1,"Effect/BasicEff/Event1/Good"
758,2022513,2041303,700,1,"Effect/BasicEff/Event1/Good"
759,2022513,2041306,700,1,"Effect/BasicEff/Event1/Good"
760,2022513,2041309,700,1,"Effect/BasicEff/Event1/Good"
761,2022513,2100900,1500,1,"Effect/BasicEff/Event1/Good"
762,2022513,2100120,1,1,"Effect/BasicEff/Event1/Good"
763,2022513,2100121,1,1,"Effect/BasicEff/Event1/Good"
764,2022513,2100122,1,1,"Effect/BasicEff/Event1/Good"
765,2022513,2100123,1,1,"Effect/BasicEff/Event1/Good"
766,2022513,2100124,1,1,"Effect/BasicEff/Event1/Good"
767,2022513,2100125,1,1,"Effect/BasicEff/Event1/Good"
768,2022513,2100126,1,1,"Effect/BasicEff/Event1/Good"
769,2022513,2100127,1,1,"Effect/BasicEff/Event1/Good"
770,2022513,2100128,1,1,"Effect/BasicEff/Event1/Good"
771,2022513,2100129,1,1,"Effect/BasicEff/Event1/Good"
772,2022513,2100130,1,1,"Effect/BasicEff/Event1/Good"
773,2022513,2000002,1,30,"Effect/BasicEff/Event1/Good"
774,2022513,2000003,1,20,"Effect/BasicEff/Event1/Good"
775,2022513,2000004,550,10,"Effect/BasicEff/Event1/Good"
776,2022513,2000005,550,5,"Effect/BasicEff/Event1/Good"
777,2022513,2000006,50,20,"Effect/BasicEff/Event1/Good"
778,2022513,2000007,300,30,"Effect/BasicEff/Event1/Good"
779,2022513,2000008,300,30,"Effect/BasicEff/Event1/Good"
780,2022513,2000009,300,30,"Effect/BasicEff/Event1/Good"
781,2022513,2000010,300,30,"Effect/BasicEff/Event1/Good"
782,2022513,2000011,50,30,"Effect/BasicEff/Event1/Good"
783,2022513,2001000,500,10,"Effect/BasicEff/Event1/Good"
784,2022513,2001001,500,10,"Effect/BasicEff/Event1/Good"
785,2022513,2001002,500,10,"Effect/BasicEff/Event1/Good"
786,2022513,2020012,500,10,"Effect/BasicEff/Event1/Good"
787,2022513,2020013,500,10,"Effect/BasicEff/Event1/Good"
788,2022513,2020014,500,10,"Effect/BasicEff/Event1/Good"
789,2022513,2020015,500,10,"Effect/BasicEff/Event1/Good"
790,2022514,1132010,800,1,"Effect/BasicEff/Event1/Good"
791,2022514,2020015,50,10,"Effect/BasicEff/Event1/Good"
792,2022514,2049100,1,1,"Effect/BasicEff/Event1/Best"
793,2022514,2049000,1,1,"Effect/BasicEff/Event1/Best"
794,2022514,2041102,1,1,"Effect/BasicEff/Event1/Best"
795,2022514,2041105,1,1,"Effect/BasicEff/Event1/Best"
796,2022514,2041108,1,1,"Effect/BasicEff/Event1/Best"
797,2022514,2041111,1,1,"Effect/BasicEff/Event1/Best"
798,2022514,2041301,1,1,"Effect/BasicEff/Event1/Best"
799,2022514,2041304,1,1,"Effect/BasicEff/Event1/Best"
800,2022514,2041307,1,1,"Effect/BasicEff/Event1/Best"
801,2022514,2041310,1,1,"Effect/BasicEff/Event1/Best"
802,2022514,2041300,500,1,"Effect/BasicEff/Event1/Good"
803,2022514,2041303,500,1,"Effect/BasicEff/Event1/Good"
804,2022514,2041306,500,1,"Effect/BasicEff/Event1/Good"
805,2022514,2041309,500,1,"Effect/BasicEff/Event1/Good"
806,2022514,2100120,300,1,"Effect/BasicEff/Event1/Good"
807,2022514,2100121,300,1,"Effect/BasicEff/Event1/Good"
808,2022514,2100122,1,1,"Effect/BasicEff/Event1/Good"
809,2022514,2100123,1,1,"Effect/BasicEff/Event1/Good"
810,2022514,2100124,1,1,"Effect/BasicEff/Event1/Good"
811,2022514,2100125,1,1,"Effect/BasicEff/Event1/Good"
812,2022514,2100126,1,1,"Effect/BasicEff/Event1/Good"
813,2022514,2100127,1,1,"Effect/BasicEff/Event1/Good"
814,2022514,2100128,1,1,"Effect/BasicEff/Event1/Good"
815,2022514,2100129,1,1,"Effect/BasicEff/Event1/Good"
816,2022514,2100130,1,1,"Effect/BasicEff/Event1/Good"
817,2022514,2000002,2249,30,"Effect/BasicEff/Event1/Good"
818,2022514,2000003,2249,20,"Effect/BasicEff/Event1/Good"
819,2022514,2000004,50,10,"Effect/BasicEff/Event1/Good"
820,2022514,2000005,50,5,"Effect/BasicEff/Event1/Good"
821,2022514,2000006,500,20,"Effect/BasicEff/Event1/Good"
822,2022514,2000007,2249,30,"Effect/BasicEff/Event1/Good"
823,2022514,2000008,2249,30,"Effect/BasicEff/Event1/Good"
824,2022514,2000009,2249,30,"Effect/BasicEff/Event1/Good"
825,2022514,2000010,2249,30,"Effect/BasicEff/Event1/Good"
826,2022514,2000011,500,30,"Effect/BasicEff/Event1/Good"
827,2022514,2001000,50,10,"Effect/BasicEff/Event1/Good"
828,2022514,2001001,50,10,"Effect/BasicEff/Event1/Good"
829,2022514,2001002,50,10,"Effect/BasicEff/Event1/Good"
830,2022514,2020012,50,10,"Effect/BasicEff/Event1/Good"
831,2022514,2020013,50,10,"Effect/BasicEff/Event1/Good"
832,2022514,2020014,50,10,"Effect/BasicEff/Event1/Good"
833,2022515,1132010,800,1,"Effect/BasicEff/Event1/Good"
834,2022515,1122017,500,1,"Effect/BasicEff/Event1/Good"
835,2022515,2049100,1,1,"Effect/BasicEff/Event1/Best"
836,2022515,2049000,1,1,"Effect/BasicEff/Event1/Best"
837,2022515,2041102,1,1,"Effect/BasicEff/Event1/Best"
838,2022515,2041105,1,1,"Effect/BasicEff/Event1/Best"
839,2022515,2041108,1,1,"Effect/BasicEff/Event1/Best"
840,2022515,2041111,1,1,"Effect/BasicEff/Event1/Best"
841,2022515,2041301,1,1,"Effect/BasicEff/Event1/Best"
842,2022515,2041304,1,1,"Effect/BasicEff/Event1/Best"
843,2022515,2041307,1,1,"Effect/BasicEff/Event1/Best"
844,2022515,2041310,1,1,"Effect/BasicEff/Event1/Best"
845,2022515,2041300,500,1,"Effect/BasicEff/Event1/Good"
846,2022515,2041303,500,1,"Effect/BasicEff/Event1/Good"
847,2022515,2041306,500,1,"Effect/BasicEff/Event1/Good"
848,2022515,2041309,500,1,"Effect/BasicEff/Event1/Good"
849,2022515,2100900,1000,1,"Effect/BasicEff/Event1/Good"
850,2022515,2100120,300,1,"Effect/BasicEff/Event1/Good"
851,2022515,2100121,300,1,"Effect/BasicEff/Event1/Good"
852,2022515,2100122,300,1,"Effect/BasicEff/Event1/Good"
853,2022515,2100123,300,1,"Effect/BasicEff/Event1/Good"
854,2022515,2100124,1,1,"Effect/BasicEff/Event1/Good"
855,2022515,2100125,1,1,"Effect/BasicEff/Event1/Good"
856,2022515,2100126,1,1,"Effect/BasicEff/Event1/Good"
857,2022515,2100127,1,1,"Effect/BasicEff/Event1/Good"
858,2022515,2100128,1,1,"Effect/BasicEff/Event1/Good"
859,2022515,2100129,1,1,"Effect/BasicEff/Event1/Good"
860,2022515,2100130,1,1,"Effect/BasicEff/Event1/Good"
861,2022515,2000002,1,30,"Effect/BasicEff/Event1/Good"
862,2022515,2000003,1,20,"Effect/BasicEff/Event1/Good"
863,2022515,2000004,100,10,"Effect/BasicEff/Event1/Good"
864,2022515,2000005,100,5,"Effect/BasicEff/Event1/Good"
865,2022515,2000006,500,20,"Effect/BasicEff/Event1/Good"
866,2022515,2000007,2000,30,"Effect/BasicEff/Event1/Good"
867,2022515,2000008,2000,30,"Effect/BasicEff/Event1/Good"
868,2022515,2000009,2000,30,"Effect/BasicEff/Event1/Good"
869,2022515,2000010,2000,30,"Effect/BasicEff/Event1/Good"
870,2022515,2000011,500,30,"Effect/BasicEff/Event1/Good"
871,2022515,2001000,100,10,"Effect/BasicEff/Event1/Good"
872,2022515,2001001,100,10,"Effect/BasicEff/Event1/Good"
873,2022515,2001002,100,10,"Effect/BasicEff/Event1/Good"
874,2022515,2020012,100,10,"Effect/BasicEff/Event1/Good"
875,2022515,2020013,100,10,"Effect/BasicEff/Event1/Good"
876,2022515,2020014,100,10,"Effect/BasicEff/Event1/Good"
877,2022515,2020015,100,10,"Effect/BasicEff/Event1/Good"
878,2022516,1132010,800,1,"Effect/BasicEff/Event1/Good"
879,2022516,1122017,500,1,"Effect/BasicEff/Event1/Good"
880,2022516,2049100,1,1,"Effect/BasicEff/Event1/Best"
881,2022516,2049000,1,1,"Effect/BasicEff/Event1/Best"
882,2022516,2041102,1,1,"Effect/BasicEff/Event1/Best"
883,2022516,2041105,1,1,"Effect/BasicEff/Event1/Best"
884,2022516,2041108,1,1,"Effect/BasicEff/Event1/Best"
885,2022516,2041111,1,1,"Effect/BasicEff/Event1/Best"
886,2022516,2041301,1,1,"Effect/BasicEff/Event1/Best"
887,2022516,2041304,1,1,"Effect/BasicEff/Event1/Best"
888,2022516,2041307,1,1,"Effect/BasicEff/Event1/Best"
889,2022516,2041310,1,1,"Effect/BasicEff/Event1/Best"
890,2022516,2041300,500,1,"Effect/BasicEff/Event1/Good"
891,2022516,2041303,500,1,"Effect/BasicEff/Event1/Good"
892,2022516,2041306,500,1,"Effect/BasicEff/Event1/Good"
893,2022516,2041309,500,1,"Effect/BasicEff/Event1/Good"
894,2022516,2100900,1000,1,"Effect/BasicEff/Event1/Good"
895,2022516,2100120,1,1,"Effect/BasicEff/Event1/Good"
896,2022516,2100121,300,1,"Effect/BasicEff/Event1/Good"
897,2022516,2100122,300,1,"Effect/BasicEff/Event1/Good"
898,2022516,2100123,300,1,"Effect/BasicEff/Event1/Good"
899,2022516,2100124,300,1,"Effect/BasicEff/Event1/Good"
900,2022516,2100125,1,1,"Effect/BasicEff/Event1/Good"
901,2022516,2100126,1,1,"Effect/BasicEff/Event1/Good"
902,2022516,2100127,1,1,"Effect/BasicEff/Event1/Good"
903,2022516,2100128,1,1,"Effect/BasicEff/Event1/Good"
904,2022516,2100129,1,1,"Effect/BasicEff/Event1/Good"
905,2022516,2100130,1,1,"Effect/BasicEff/Event1/Good"
906,2022516,2000002,1,30,"Effect/BasicEff/Event1/Good"
907,2022516,2000003,1,20,"Effect/BasicEff/Event1/Good"
908,2022516,2000004,150,10,"Effect/BasicEff/Event1/Good"
909,2022516,2000005,150,5,"Effect/BasicEff/Event1/Good"
910,2022516,2000006,400,20,"Effect/BasicEff/Event1/Good"
911,2022516,2000007,1900,30,"Effect/BasicEff/Event1/Good"
912,2022516,2000008,1900,30,"Effect/BasicEff/Event1/Good"
913,2022516,2000009,1900,30,"Effect/BasicEff/Event1/Good"
914,2022516,2000010,1900,30,"Effect/BasicEff/Event1/Good"
915,2022516,2000011,400,30,"Effect/BasicEff/Event1/Good"
916,2022516,2001000,100,10,"Effect/BasicEff/Event1/Good"
917,2022516,2001001,100,10,"Effect/BasicEff/Event1/Good"
918,2022516,2001002,100,10,"Effect/BasicEff/Event1/Good"
919,2022516,2020012,100,10,"Effect/BasicEff/Event1/Good"
920,2022516,2020013,100,10,"Effect/BasicEff/Event1/Good"
921,2022516,2020014,100,10,"Effect/BasicEff/Event1/Good"
922,2022516,2020015,100,10,"Effect/BasicEff/Event1/Good"
923,2022517,1132010,800,1,"Effect/BasicEff/Event1/Good"
924,2022517,1122017,500,1,"Effect/BasicEff/Event1/Good"
925,2022517,2049100,1,1,"Effect/BasicEff/Event1/Best"
926,2022517,2049000,1,1,"Effect/BasicEff/Event1/Best"
927,2022517,2041102,1,1,"Effect/BasicEff/Event1/Best"
928,2022517,2041105,1,1,"Effect/BasicEff/Event1/Best"
929,2022517,2041108,1,1,"Effect/BasicEff/Event1/Best"
930,2022517,2041111,1,1,"Effect/BasicEff/Event1/Best"
931,2022517,2041301,1,1,"Effect/BasicEff/Event1/Best"
932,2022517,2041304,1,1,"Effect/BasicEff/Event1/Best"
933,2022517,2041307,1,1,"Effect/BasicEff/Event1/Best"
934,2022517,2041310,1,1,"Effect/BasicEff/Event1/Best"
935,2022517,2041300,500,1,"Effect/BasicEff/Event1/Good"
936,2022517,2041303,500,1,"Effect/BasicEff/Event1/Good"
937,2022517,2041306,500,1,"Effect/BasicEff/Event1/Good"
938,2022517,2041309,500,1,"Effect/BasicEff/Event1/Good"
939,2022517,2100900,1000,1,"Effect/BasicEff/Event1/Good"
940,2022517,2100120,1,1,"Effect/BasicEff/Event1/Good"
941,2022517,2100121,1,1,"Effect/BasicEff/Event1/Good"
942,2022517,2100122,300,1,"Effect/BasicEff/Event1/Good"
943,2022517,2100123,300,1,"Effect/BasicEff/Event1/Good"
944,2022517,2100124,300,1,"Effect/BasicEff/Event1/Good"
945,2022517,2100125,300,1,"Effect/BasicEff/Event1/Good"
946,2022517,2100126,1,1,"Effect/BasicEff/Event1/Good"
947,2022517,2100127,1,1,"Effect/BasicEff/Event1/Good"
948,2022517,2100128,1,1,"Effect/BasicEff/Event1/Good"
949,2022517,2100129,1,1,"Effect/BasicEff/Event1/Good"
950,2022517,2100130,1,1,"Effect/BasicEff/Event1/Good"
951,2022517,2000002,1,30,"Effect/BasicEff/Event1/Good"
952,2022517,2000003,1,20,"Effect/BasicEff/Event1/Good"
953,2022517,2000004,200,10,"Effect/BasicEff/Event1/Good"
954,2022517,2000005,200,5,"Effect/BasicEff/Event1/Good"
955,2022517,2000006,400,20,"Effect/BasicEff/Event1/Good"
956,2022517,2000007,1800,30,"Effect/BasicEff/Event1/Good"
957,2022517,2000008,1800,30,"Effect/BasicEff/Event1/Good"
958,2022517,2000009,1800,30,"Effect/BasicEff/Event1/Good"
959,2022517,2000010,1800,30,"Effect/BasicEff/Event1/Good"
960,2022517,2000011,400,30,"Effect/BasicEff/Event1/Good"
961,2022517,2001000,100,10,"Effect/BasicEff/Event1/Good"
962,2022517,2001001,100,10,"Effect/BasicEff/Event1/Good"
963,2022517,2001002,100,10,"Effect/BasicEff/Event1/Good"
964,2022517,2020012,100,10,"Effect/BasicEff/Event1/Good"
965,2022517,2020013,100,10,"Effect/BasicEff/Event1/Good"
966,2022517,2020014,100,10,"Effect/BasicEff/Event1/Good"
967,2022517,2020015,100,10,"Effect/BasicEff/Event1/Good"
968,2022518,1132010,800,1,"Effect/BasicEff/Event1/Good"
969,2022518,1122017,500,1,"Effect/BasicEff/Event1/Good"
970,2022518,2049100,1,1,"Effect/BasicEff/Event1/Best"
971,2022518,2049000,1,1,"Effect/BasicEff/Event1/Best"
972,2022518,2041102,1,1,"Effect/BasicEff/Event1/Best"
973,2022518,2041105,1,1,"Effect/BasicEff/Event1/Best"
974,2022518,2041108,1,1,"Effect/BasicEff/Event1/Best"
975,2022518,2041111,1,1,"Effect/BasicEff/Event1/Best"
976,2022518,2041301,1,1,"Effect/BasicEff/Event1/Best"
977,2022518,2041304,1,1,"Effect/BasicEff/Event1/Best"
978,2022518,2041307,1,1,"Effect/BasicEff/Event1/Best"
979,2022518,2041310,1,1,"Effect/BasicEff/Event1/Best"
980,2022518,2041300,500,1,"Effect/BasicEff/Event1/Good"
981,2022518,2041303,500,1,"Effect/BasicEff/Event1/Good"
982,2022518,2041306,500,1,"Effect/BasicEff/Event1/Good"
983,2022518,2041309,500,1,"Effect/BasicEff/Event1/Good"
984,2022518,2100900,1000,1,"Effect/BasicEff/Event1/Good"
985,2022518,2100120,1,1,"Effect/BasicEff/Event1/Good"
986,2022518,2100121,1,1,"Effect/BasicEff/Event1/Good"
987,2022518,2100122,1,1,"Effect/BasicEff/Event1/Good"
988,2022518,2100123,300,1,"Effect/BasicEff/Event1/Good"
989,2022518,2100124,300,1,"Effect/BasicEff/Event1/Good"
990,2022518,2100125,300,1,"Effect/BasicEff/Event1/Good"
991,2022518,2100126,300,1,"Effect/BasicEff/Event1/Good"
992,2022518,2100127,1,1,"Effect/BasicEff/Event1/Good"
993,2022518,2100128,1,1,"Effect/BasicEff/Event1/Good"
994,2022518,2100129,1,1,"Effect/BasicEff/Event1/Good"
995,2022518,2100130,1,1,"Effect/BasicEff/Event1/Good"
996,2022518,2000002,1,30,"Effect/BasicEff/Event1/Good"
997,2022518,2000003,1,20,"Effect/BasicEff/Event1/Good"
998,2022518,2000004,250,10,"Effect/BasicEff/Event1/Good"
999,2022518,2000005,250,5,"Effect/BasicEff/Event1/Good"
1000,2022518,2000006,300,20,"Effect/BasicEff/Event1/Good"
1001,2022518,2000007,1700,30,"Effect/BasicEff/Event1/Good"
1002,2022518,2000008,1700,30,"Effect/BasicEff/Event1/Good"
1003,2022518,2000009,1700,30,"Effect/BasicEff/Event1/Good"
1004,2022518,2000010,1700,30,"Effect/BasicEff/Event1/Good"
1005,2022518,2000011,300,30,"Effect/BasicEff/Event1/Good"
1006,2022518,2001000,100,10,"Effect/BasicEff/Event1/Good"
1007,2022518,2001001,100,10,"Effect/BasicEff/Event1/Good"
1008,2022518,2001002,100,10,"Effect/BasicEff/Event1/Good"
1009,2022518,2020012,100,10,"Effect/BasicEff/Event1/Good"
1010,2022518,2020013,100,10,"Effect/BasicEff/Event1/Good"
1011,2022518,2020014,100,10,"Effect/BasicEff/Event1/Good"
1012,2022518,2020015,100,10,"Effect/BasicEff/Event1/Good"
1013,2022519,1132010,800,1,"Effect/BasicEff/Event1/Good"
1014,2022519,1122017,500,1,"Effect/BasicEff/Event1/Good"
1015,2022519,2049100,1,1,"Effect/BasicEff/Event1/Best"
1016,2022519,2049000,1,1,"Effect/BasicEff/Event1/Best"
1017,2022519,2041102,1,1,"Effect/BasicEff/Event1/Best"
1018,2022519,2041105,1,1,"Effect/BasicEff/Event1/Best"
1019,2022519,2041108,1,1,"Effect/BasicEff/Event1/Best"
1020,2022519,2041111,1,1,"Effect/BasicEff/Event1/Best"
1021,2022519,2041301,1,1,"Effect/BasicEff/Event1/Best"
1022,2022519,2041304,1,1,"Effect/BasicEff/Event1/Best"
1023,2022519,2041307,1,1,"Effect/BasicEff/Event1/Best"
1024,2022519,2041310,1,1,"Effect/BasicEff/Event1/Best"
1025,2022519,2041300,600,1,"Effect/BasicEff/Event1/Good"
1026,2022519,2041303,600,1,"Effect/BasicEff/Event1/Good"
1027,2022519,2041306,600,1,"Effect/BasicEff/Event1/Good"
1028,2022519,2041309,600,1,"Effect/BasicEff/Event1/Good"
1029,2022519,2100900,1000,1,"Effect/BasicEff/Event1/Good"
1030,2022519,2100120,1,1,"Effect/BasicEff/Event1/Good"
1031,2022519,2100121,1,1,"Effect/BasicEff/Event1/Good"
1032,2022519,2100122,1,1,"Effect/BasicEff/Event1/Good"
1033,2022519,2100123,1,1,"Effect/BasicEff/Event1/Good"
1034,2022519,2100124,300,1,"Effect/BasicEff/Event1/Good"
1035,2022519,2100125,300,1,"Effect/BasicEff/Event1/Good"
1036,2022519,2100126,300,1,"Effect/BasicEff/Event1/Good"
1037,2022519,2100127,300,1,"Effect/BasicEff/Event1/Good"
1038,2022519,2100128,1,1,"Effect/BasicEff/Event1/Good"
1039,2022519,2100129,1,1,"Effect/BasicEff/Event1/Good"
1040,2022519,2100130,1,1,"Effect/BasicEff/Event1/Good"
1041,2022519,2000002,1,30,"Effect/BasicEff/Event1/Good"
1042,2022519,2000003,1,20,"Effect/BasicEff/Event1/Good"
1043,2022519,2000004,300,10,"Effect/BasicEff/Event1/Good"
1044,2022519,2000005,300,5,"Effect/BasicEff/Event1/Good"
1045,2022519,2000006,300,20,"Effect/BasicEff/Event1/Good"
1046,2022519,2000007,1500,30,"Effect/BasicEff/Event1/Good"
1047,2022519,2000008,1500,30,"Effect/BasicEff/Event1/Good"
1048,2022519,2000009,1500,30,"Effect/BasicEff/Event1/Good"
1049,2022519,2000010,1500,30,"Effect/BasicEff/Event1/Good"
1050,2022519,2000011,300,30,"Effect/BasicEff/Event1/Good"
1051,2022519,2001000,100,10,"Effect/BasicEff/Event1/Good"
1052,2022519,2001001,100,10,"Effect/BasicEff/Event1/Good"
1053,2022519,2001002,100,10,"Effect/BasicEff/Event1/Good"
1054,2022519,2020012,100,10,"Effect/BasicEff/Event1/Good"
1055,2022519,2020013,100,10,"Effect/BasicEff/Event1/Good"
1056,2022519,2020014,100,10,"Effect/BasicEff/Event1/Good"
1057,2022519,2020015,100,10,"Effect/BasicEff/Event1/Good"
1058,2022520,1132010,800,1,"Effect/BasicEff/Event1/Good"
1059,2022520,1122017,500,1,"Effect/BasicEff/Event1/Good"
1060,2022520,2049100,1,1,"Effect/BasicEff/Event1/Best"
1061,2022520,2049000,1,1,"Effect/BasicEff/Event1/Best"
1062,2022520,2041102,1,1,"Effect/BasicEff/Event1/Best"
1063,2022520,2041105,1,1,"Effect/BasicEff/Event1/Best"
1064,2022520,2041108,1,1,"Effect/BasicEff/Event1/Best"
1065,2022520,2041111,1,1,"Effect/BasicEff/Event1/Best"
1066,2022520,2041301,1,1,"Effect/BasicEff/Event1/Best"
1067,2022520,2041304,1,1,"Effect/BasicEff/Event1/Best"
1068,2022520,2041307,1,1,"Effect/BasicEff/Event1/Best"
1069,2022520,2041310,1,1,"Effect/BasicEff/Event1/Best"
1070,2022520,2041300,600,1,"Effect/BasicEff/Event1/Good"
1071,2022520,2041303,600,1,"Effect/BasicEff/Event1/Good"
1072,2022520,2041306,600,1,"Effect/BasicEff/Event1/Good"
1073,2022520,2041309,600,1,"Effect/BasicEff/Event1/Good"
1074,2022520,2100900,1000,1,"Effect/BasicEff/Event1/Good"
1075,2022520,2100120,1,1,"Effect/BasicEff/Event1/Good"
1076,2022520,2100121,1,1,"Effect/BasicEff/Event1/Good"
1077,2022520,2100122,1,1,"Effect/BasicEff/Event1/Good"
1078,2022520,2100123,1,1,"Effect/BasicEff/Event1/Good"
1079,2022520,2100124,1,1,"Effect/BasicEff/Event1/Good"
1080,2022520,2100125,300,1,"Effect/BasicEff/Event1/Good"
1081,2022520,2100126,300,1,"Effect/BasicEff/Event1/Good"
1082,2022520,2100127,300,1,"Effect/BasicEff/Event1/Good"
1083,2022520,2100128,300,1,"Effect/BasicEff/Event1/Good"
1084,2022520,2100129,300,1,"Effect/BasicEff/Event1/Good"
1085,2022520,2100130,1,1,"Effect/BasicEff/Event1/Good"
1086,2022520,2000002,1,30,"Effect/BasicEff/Event1/Good"
1087,2022520,2000003,1,20,"Effect/BasicEff/Event1/Good"
1088,2022520,2000004,350,10,"Effect/BasicEff/Event1/Good"
1089,2022520,2000005,350,5,"Effect/BasicEff/Event1/Good"
1090,2022520,2000006,200,20,"Effect/BasicEff/Event1/Good"
1091,2022520,2000007,1000,30,"Effect/BasicEff/Event1/Good"
1092,2022520,2000008,1000,30,"Effect/BasicEff/Event1/Good"
1093,2022520,2000009,1000,30,"Effect/BasicEff/Event1/Good"
1094,2022520,2000010,1000,30,"Effect/BasicEff/Event1/Good"
1095,2022520,2000011,200,30,"Effect/BasicEff/Event1/Good"
1096,2022520,2001000,250,10,"Effect/BasicEff/Event1/Good"
1097,2022520,2001001,250,10,"Effect/BasicEff/Event1/Good"
1098,2022520,2001002,250,10,"Effect/BasicEff/Event1/Good"
1099,2022520,2020012,250,10,"Effect/BasicEff/Event1/Good"
1100,2022520,2020013,250,10,"Effect/BasicEff/Event1/Good"
1101,2022520,2020014,250,10,"Effect/BasicEff/Event1/Good"
1102,2022520,2020015,250,10,"Effect/BasicEff/Event1/Good"
1103,2022521,1132010,800,1,"Effect/BasicEff/Event1/Good"
1104,2022521,1122017,500,1,"Effect/BasicEff/Event1/Good"
1105,2022521,2049100,1,1,"Effect/BasicEff/Event1/Best"
1106,2022521,2049000,1,1,"Effect/BasicEff/Event1/Best"
1107,2022521,2041102,1,1,"Effect/BasicEff/Event1/Best"
1108,2022521,2041105,1,1,"Effect/BasicEff/Event1/Best"
1109,2022521,2041108,1,1,"Effect/BasicEff/Event1/Best"
1110,2022521,2041111,1,1,"Effect/BasicEff/Event1/Best"
1111,2022521,2041301,1,1,"Effect/BasicEff/Event1/Best"
1112,2022521,2041304,1,1,"Effect/BasicEff/Event1/Best"
1113,2022521,2041307,1,1,"Effect/BasicEff/Event1/Best"
1114,2022521,2041310,1,1,"Effect/BasicEff/Event1/Best"
1115,2022521,2041300,600,1,"Effect/BasicEff/Event1/Good"
1116,2022521,2041303,600,1,"Effect/BasicEff/Event1/Good"
1117,2022521,2041306,600,1,"Effect/BasicEff/Event1/Good"
1118,2022521,2041309,600,1,"Effect/BasicEff/Event1/Good"
1119,2022521,2100900,1000,1,"Effect/BasicEff/Event1/Good"
1120,2022521,2100120,1,1,"Effect/BasicEff/Event1/Good"
1121,2022521,2100121,1,1,"Effect/BasicEff/Event1/Good"
1122,2022521,2100122,1,1,"Effect/BasicEff/Event1/Good"
1123,2022521,2100123,1,1,"Effect/BasicEff/Event1/Good"
1124,2022521,2100124,1,1,"Effect/BasicEff/Event1/Good"
1125,2022521,2100125,1,1,"Effect/BasicEff/Event1/Good"
1126,2022521,2100126,300,1,"Effect/BasicEff/Event1/Good"
1127,2022521,2100127,300,1,"Effect/BasicEff/Event1/Good"
1128,2022521,2100128,300,1,"Effect/BasicEff/Event1/Good"
1129,2022521,2100129,300,1,"Effect/BasicEff/Event1/Good"
1130,2022521,2100130,300,1,"Effect/BasicEff/Event1/Good"
1131,2022521,2000002,1,30,"Effect/BasicEff/Event1/Good"
1132,2022521,2000003,1,20,"Effect/BasicEff/Event1/Good"
1133,2022521,2000004,400,10,"Effect/BasicEff/Event1/Good"
1134,2022521,2000005,400,5,"Effect/BasicEff/Event1/Good"
1135,2022521,2000006,200,20,"Effect/BasicEff/Event1/Good"
1136,2022521,2000007,400,30,"Effect/BasicEff/Event1/Good"
1137,2022521,2000008,400,30,"Effect/BasicEff/Event1/Good"
1138,2022521,2000009,400,30,"Effect/BasicEff/Event1/Good"
1139,2022521,2000010,400,30,"Effect/BasicEff/Event1/Good"
1140,2022521,2000011,200,30,"Effect/BasicEff/Event1/Good"
1141,2022521,2001000,500,10,"Effect/BasicEff/Event1/Good"
1142,2022521,2001001,500,10,"Effect/BasicEff/Event1/Good"
1143,2022521,2001002,500,10,"Effect/BasicEff/Event1/Good"
1144,2022521,2020012,500,10,"Effect/BasicEff/Event1/Good"
1145,2022521,2020013,500,10,"Effect/BasicEff/Event1/Good"
1146,2022521,2020014,500,10,"Effect/BasicEff/Event1/Good"
1147,2022521,2020015,500,10,"Effect/BasicEff/Event1/Good"
1148,2022522,1132010,800,1,"Effect/BasicEff/Event1/Good"
1149,2022522,1122017,500,1,"Effect/BasicEff/Event1/Good"
1150,2022522,2049100,1,1,"Effect/BasicEff/Event1/Best"
1151,2022522,2049000,1,1,"Effect/BasicEff/Event1/Best"
1152,2022522,2041102,1,1,"Effect/BasicEff/Event1/Best"
1153,2022522,2041105,1,1,"Effect/BasicEff/Event1/Best"
1154,2022522,2041108,1,1,"Effect/BasicEff/Event1/Best"
1155,2022522,2041111,1,1,"Effect/BasicEff/Event1/Best"
1156,2022522,2041301,1,1,"Effect/BasicEff/Event1/Best"
1157,2022522,2041304,1,1,"Effect/BasicEff/Event1/Best"
1158,2022522,2041307,1,1,"Effect/BasicEff/Event1/Best"
1159,2022522,2041310,1,1,"Effect/BasicEff/Event1/Best"
1160,2022522,2041300,600,1,"Effect/BasicEff/Event1/Good"
1161,2022522,2041303,600,1,"Effect/BasicEff/Event1/Good"
1162,2022522,2041306,600,1,"Effect/BasicEff/Event1/Good"
1163,2022522,2041309,600,1,"Effect/BasicEff/Event1/Good"
1164,2022522,2100900,1000,1,"Effect/BasicEff/Event1/Good"
1165,2022522,2100120,1,1,"Effect/BasicEff/Event1/Good"
1166,2022522,2100121,1,1,"Effect/BasicEff/Event1/Good"
1167,2022522,2100122,1,1,"Effect/BasicEff/Event1/Good"
1168,2022522,2100123,1,1,"Effect/BasicEff/Event1/Good"
1169,2022522,2100124,1,1,"Effect/BasicEff/Event1/Good"
1170,2022522,2100125,1,1,"Effect/BasicEff/Event1/Good"
1171,2022522,2100126,1,1,"Effect/BasicEff/Event1/Good"
1172,2022522,2100127,1,1,"Effect/BasicEff/Event1/Good"
1173,2022522,2100128,1,1,"Effect/BasicEff/Event1/Good"
1174,2022522,2100129,1,1,"Effect/BasicEff/Event1/Good"
1175,2022522,2100130,1,1,"Effect/BasicEff/Event1/Good"
1176,2022522,2000002,1,30,"Effect/BasicEff/Event1/Good"
1177,2022522,2000003,1,20,"Effect/BasicEff/Event1/Good"
1178,2022522,2000004,450,10,"Effect/BasicEff/Event1/Good"
1179,2022522,2000005,450,5,"Effect/BasicEff/Event1/Good"
1180,2022522,2000006,100,20,"Effect/BasicEff/Event1/Good"
1181,2022522,2000007,400,30,"Effect/BasicEff/Event1/Good"
1182,2022522,2000008,400,30,"Effect/BasicEff/Event1/Good"
1183,2022522,2000009,400,30,"Effect/BasicEff/Event1/Good"
1184,2022522,2000010,400,30,"Effect/BasicEff/Event1/Good"
1185,2022522,2000011,100,30,"Effect/BasicEff/Event1/Good"
1186,2022522,2001000,500,10,"Effect/BasicEff/Event1/Good"
1187,2022522,2001001,500,10,"Effect/BasicEff/Event1/Good"
1188,2022522,2001002,500,10,"Effect/BasicEff/Event1/Good"
1189,2022522,2020012,500,10,"Effect/BasicEff/Event1/Good"
1190,2022522,2020013,500,10,"Effect/BasicEff/Event1/Good"
1191,2022522,2020014,500,10,"Effect/BasicEff/Event1/Good"
1192,2022522,2020015,500,10,"Effect/BasicEff/Event1/Good"
1193,2022523,1132010,800,1,"Effect/BasicEff/Event1/Good"
1194,2022523,1122017,500,1,"Effect/BasicEff/Event1/Good"
1195,2022523,2049100,1,1,"Effect/BasicEff/Event1/Best"
1196,2022523,2049000,1,1,"Effect/BasicEff/Event1/Best"
1197,2022523,2041102,1,1,"Effect/BasicEff/Event1/Best"
1198,2022523,2041105,1,1,"Effect/BasicEff/Event1/Best"
1199,2022523,2041108,1,1,"Effect/BasicEff/Event1/Best"
1200,2022523,2041111,1,1,"Effect/BasicEff/Event1/Best"
1201,2022523,2041301,1,1,"Effect/BasicEff/Event1/Best"
1202,2022523,2041304,1,1,"Effect/BasicEff/Event1/Best"
1203,2022523,2041307,1,1,"Effect/BasicEff/Event1/Best"
1204,2022523,2041310,1,1,"Effect/BasicEff/Event1/Best"
1205,2022523,2041300,800,1,"Effect/BasicEff/Event1/Good"
1206,2022523,2041303,600,1,"Effect/BasicEff/Event1/Good"
1207,2022523,2041306,600,1,"Effect/BasicEff/Event1/Good"
1208,2022523,2041309,600,1,"Effect/BasicEff/Event1/Good"
1209,2022523,2100900,1000,1,"Effect/BasicEff/Event1/Good"
1210,2022523,2100120,1,1,"Effect/BasicEff/Event1/Good"
1211,2022523,2100121,1,1,"Effect/BasicEff/Event1/Good"
1212,2022523,2100122,1,1,"Effect/BasicEff/Event1/Good"
1213,2022523,2100123,1,1,"Effect/BasicEff/Event1/Good"
1214,2022523,2100124,1,1,"Effect/BasicEff/Event1/Good"
1215,2022523,2100125,1,1,"Effect/BasicEff/Event1/Good"
1216,2022523,2100126,1,1,"Effect/BasicEff/Event1/Good"
1217,2022523,2100127,1,1,"Effect/BasicEff/Event1/Good"
1218,2022523,2100128,1,1,"Effect/BasicEff/Event1/Good"
1219,2022523,2100129,1,1,"Effect/BasicEff/Event1/Good"
1220,2022523,2100130,1,1,"Effect/BasicEff/Event1/Good"
1221,2022523,2000002,1,30,"Effect/BasicEff/Event1/Good"
1222,2022523,2000003,1,20,"Effect/BasicEff/Event1/Good"
1223,2022523,2000004,500,10,"Effect/BasicEff/Event1/Good"
1224,2022523,2000005,500,5,"Effect/BasicEff/Event1/Good"
1225,2022523,2000006,100,20,"Effect/BasicEff/Event1/Good"
1226,2022523,2000007,350,30,"Effect/BasicEff/Event1/Good"
1227,2022523,2000008,350,30,"Effect/BasicEff/Event1/Good"
1228,2022523,2000009,350,30,"Effect/BasicEff/Event1/Good"
1229,2022523,2000010,350,30,"Effect/BasicEff/Event1/Good"
1230,2022523,2000011,100,30,"Effect/BasicEff/Event1/Good"
1231,2022523,2001000,500,10,"Effect/BasicEff/Event1/Good"
1232,2022523,2001001,500,10,"Effect/BasicEff/Event1/Good"
1233,2022523,2001002,500,10,"Effect/BasicEff/Event1/Good"
1234,2022523,2020012,500,10,"Effect/BasicEff/Event1/Good"
1235,2022523,2020013,500,10,"Effect/BasicEff/Event1/Good"
1236,2022523,2020014,500,10,"Effect/BasicEff/Event1/Good"
1237,2022523,2020015,500,10,"Effect/BasicEff/Event1/Good"
1238,2022524,1132010,800,1,"Effect/BasicEff/Event1/Good"
1239,2022524,1122017,500,1,"Effect/BasicEff/Event1/Good"
1240,2022524,2049100,1,1,"Effect/BasicEff/Event1/Best"
1241,2022524,2049000,1,1,"Effect/BasicEff/Event1/Best"
1242,2022524,2041102,1,1,"Effect/BasicEff/Event1/Best"
1243,2022524,2041105,1,1,"Effect/BasicEff/Event1/Best"
1244,2022524,2041108,1,1,"Effect/BasicEff/Event1/Best"
1245,2022524,2041111,1,1,"Effect/BasicEff/Event1/Best"
1246,2022524,2041301,1,1,"Effect/BasicEff/Event1/Best"
1247,2022524,2041304,1,1,"Effect/BasicEff/Event1/Best"
1248,2022524,2041307,1,1,"Effect/BasicEff/Event1/Best"
1249,2022524,2041310,1,1,"Effect/BasicEff/Event1/Best"
1250,2022524,2041300,600,1,"Effect/BasicEff/Event1/Good"
1251,2022524,2041303,600,1,"Effect/BasicEff/Event1/Good"
1252,2022524,2041306,600,1,"Effect/BasicEff/Event1/Good"
1253,2022524,2041309,600,1,"Effect/BasicEff/Event1/Good"
1254,2022524,2100900,1000,1,"Effect/BasicEff/Event1/Good"
1255,2022524,2100120,1,1,"Effect/BasicEff/Event1/Good"
1256,2022524,2100121,1,1,"Effect/BasicEff/Event1/Good"
1257,2022524,2100122,1,1,"Effect/BasicEff/Event1/Good"
1258,2022524,2100123,1,1,"Effect/BasicEff/Event1/Good"
1259,2022524,2100124,1,1,"Effect/BasicEff/Event1/Good"
1260,2022524,2100125,1,1,"Effect/BasicEff/Event1/Good"
1261,2022524,2100126,1,1,"Effect/BasicEff/Event1/Good"
1262,2022524,2100127,1,1,"Effect/BasicEff/Event1/Good"
1263,2022524,2100128,1,1,"Effect/BasicEff/Event1/Good"
1264,2022524,2100129,1,1,"Effect/BasicEff/Event1/Good"
1265,2022524,2100130,1,1,"Effect/BasicEff/Event1/Good"
1266,2022524,2000002,1,30,"Effect/BasicEff/Event1/Good"
1267,2022524,2000003,1,20,"Effect/BasicEff/Event1/Good"
1268,2022524,2000004,550,10,"Effect/BasicEff/Event1/Good"
1269,2022524,2000005,550,5,"Effect/BasicEff/Event1/Good"
1270,2022524,2000006,50,20,"Effect/BasicEff/Event1/Good"
1271,2022524,2000007,300,30,"Effect/BasicEff/Event1/Good"
1272,2022524,2000008,300,30,"Effect/BasicEff/Event1/Good"
1273,2022524,2000009,300,30,"Effect/BasicEff/Event1/Good"
1274,2022524,2000010,300,30,"Effect/BasicEff/Event1/Good"
1275,2022524,2000011,50,30,"Effect/BasicEff/Event1/Good"
1276,2022524,2001000,500,10,"Effect/BasicEff/Event1/Good"
1277,2022524,2001001,500,10,"Effect/BasicEff/Event1/Good"
1278,2022524,2001002,500,10,"Effect/BasicEff/Event1/Good"
1279,2022524,2020012,500,10,"Effect/BasicEff/Event1/Good"
1280,2022524,2020013,500,10,"Effect/BasicEff/Event1/Good"
1281,2022524,2020014,500,10,"Effect/BasicEff/Event1/Good"
1282,2022524,2020015,500,10,"Effect/BasicEff/Event1/Good"
1283,2022550,1132010,2000,1,"Effect/BasicEff/Event1/Good"
1284,2022550,1122017,2000,1,"Effect/BasicEff/Event1/Good"
1285,2022550,2049100,1,1,"Effect/BasicEff/Event1/Best"
1286,2022550,2049000,1,1,"Effect/BasicEff/Event1/Best"
1287,2022550,2041102,1,1,"Effect/BasicEff/Event1/Best"
1288,2022550,2041105,1,1,"Effect/BasicEff/Event1/Best"
1289,2022550,2041108,1,1,"Effect/BasicEff/Event1/Best"
1290,2022550,2041111,1,1,"Effect/BasicEff/Event1/Best"
1291,2022550,2041301,1,1,"Effect/BasicEff/Event1/Best"
1292,2022550,2041304,1,1,"Effect/BasicEff/Event1/Best"
1293,2022550,2041307,1,1,"Effect/BasicEff/Event1/Best"
1294,2022550,2041310,1,1,"Effect/BasicEff/Event1/Best"
1295,2022550,2041300,450,1,"Effect/BasicEff/Event1/Good"
1296,2022550,2041303,450,1,"Effect/BasicEff/Event1/Good"
1297,2022550,2041306,450,1,"Effect/BasicEff/Event1/Good"
1298,2022550,2041309,450,1,"Effect/BasicEff/Event1/Good"
1299,2022550,2100900,1500,1,"Effect/BasicEff/Event1/Good"
1300,2022550,2100120,1,1,"Effect/BasicEff/Event1/Good"
1301,2022550,2100121,1,1,"Effect/BasicEff/Event1/Good"
1302,2022550,2100122,300,1,"Effect/BasicEff/Event1/Good"
1303,2022550,2100123,300,1,"Effect/BasicEff/Event1/Good"
1304,2022550,2100124,300,1,"Effect/BasicEff/Event1/Good"
1305,2022550,2100125,300,1,"Effect/BasicEff/Event1/Good"
1306,2022550,2100126,1,1,"Effect/BasicEff/Event1/Good"
1307,2022550,2100127,1,1,"Effect/BasicEff/Event1/Good"
1308,2022550,2100128,1,1,"Effect/BasicEff/Event1/Good"
1309,2022550,2100129,1,1,"Effect/BasicEff/Event1/Good"
1310,2022550,2100130,1,1,"Effect/BasicEff/Event1/Good"
1311,2022550,2000002,1,30,"Effect/BasicEff/Event1/Good"
1312,2022550,2000003,1,20,"Effect/BasicEff/Event1/Good"
1313,2022550,2000004,200,10,"Effect/BasicEff/Event1/Good"
1314,2022550,2000005,200,5,"Effect/BasicEff/Event1/Good"
1315,2022550,2000006,400,20,"Effect/BasicEff/Event1/Good"
1316,2022550,2000007,1800,30,"Effect/BasicEff/Event1/Good"
1317,2022550,2000008,1800,30,"Effect/BasicEff/Event1/Good"
1318,2022550,2000009,1800,30,"Effect/BasicEff/Event1/Good"
1319,2022550,2000010,1800,30,"Effect/BasicEff/Event1/Good"
1320,2022550,2000011,400,30,"Effect/BasicEff/Event1/Good"
1321,2022550,2001000,100,10,"Effect/BasicEff/Event1/Good"
1322,2022550,2001001,100,10,"Effect/BasicEff/Event1/Good"
1323,2022550,2001002,100,10,"Effect/BasicEff/Event1/Good"
1324,2022550,2020012,100,10,"Effect/BasicEff/Event1/Good"
1325,2022550,2020013,100,10,"Effect/BasicEff/Event1/Good"
1326,2022550,2020014,100,10,"Effect/BasicEff/Event1/Good"
1327,2022550,2020015,100,10,"Effect/BasicEff/Event1/Good"
1328,2022552,4001126,3500,500,"Effect/BasicEff/Event1/Good"
1329,2022552,4001126,2500,600,"Effect/BasicEff/Event1/Good"
1330,2022552,4001126,2000,700,"Effect/BasicEff/Event1/Good"
1331,2022552,4001126,1000,800,"Effect/BasicEff/Event1/Good"
1332,2022552,4001126,500,900,"Effect/BasicEff/Event1/Good"
1333,2022552,4001126,500,1000,"Effect/BasicEff/Event1/Good"
1334,2022564,1442080,50,1,""
1335,2022564,1442051,50,1,""
1336,2022564,2044400,70,1,""
1337,2022564,2044401,20,1,""
1338,2022564,2044402,10,1,""
1339,2022564,2430013,600,1,""
1340,2022564,2000002,52,10,""
1341,2022564,2000006,44,7,""
1342,2022564,2022000,36,5,""
1343,2022564,2001000,24,3,""
1344,2022564,2001002,20,2,""
1345,2022564,2001001,16,2,""
1346,2022564,2020014,8,1,""
1347,2022570,1302119,2,1,""
1348,2022570,1312045,6,1,""
1349,2022570,1322073,2,1,""
1350,2022570,1402064,2,1,""
1351,2022570,1412042,2,1,""
1352,2022570,1422045,2,1,""
1353,2022570,1432057,2,1,""
1354,2022570,1442082,2,1,""
1355,2022570,2002004,50,2,""
1356,2022570,2002004,30,4,""
1357,2022571,1372053,10,1,""
1358,2022571,1382070,10,1,""
1359,2022571,2002002,50,2,""
1360,2022571,2002002,30,4,""
1361,2022572,1452073,10,1,""
1362,2022572,1462066,10,1,""
1363,2022572,2002005,50,2,""
1364,2022572,2002005,30,4,""
1365,2022573,1332088,10,1,""
1366,2022573,1472089,10,1,""
1367,2022573,2002000,50,2,""
1368,2022573,2002000,30,4,""
1369,2022574,1482037,10,1,""
1370,2022574,1492038,10,1,""
1371,2022574,2002000,50,2,""
1372,2022574,2002000,30,4,""
1373,2022575,1002990,5,1,""
1374,2022575,1040145,5,1,""
1375,2022575,1041148,5,1,""
1376,2022575,1060134,5,1,""
1377,2022575,1061156,5,1,""
1378,2022575,1072399,5,1,""
1379,2022575,2002004,50,2,""
1380,2022575,2002004,20,4,""
1381,2022576,1002991,10,1,""
1382,2022576,1050155,5,1,""
1383,2022576,1051191,5,1,""
1384,2022576,1072400,10,1,""
1385,2022576,2002002,50,2,""
1386,2022576,2002002,20,4,""
1387,2022577,1002992,10,1,""
1388,2022577,1040146,5,1,""
1389,2022577,1041149,5,1,""
1390,2022577,1060135,5,1,""
1391,2022577,1061157,5,1,""
1392,2022577,2002005,50,2,""
1393,2022577,2002005,20,4,""
1394,2022578,1002993,5,1,""
1395,2022578,1040147,5,1,""
1396,2022578,1041150,5,1,""
1397,2022578,1060136,5,1,""
1398,2022578,1061158,5,1,""
1399,2022578,1072402,5,1,""
1400,2022578,2002000,50,2,""
1401,2022578,2002000,20,4,""
1402,2022579,1002994,10,1,""
1403,2022579,1052208,10,1,""
1404,2022579,1072403,10,1,""
1405,2022579,2002000,50,2,""
1406,2022579,2002000,20,4,""
1407,2022580,1002990,4,1,""
1408,2022580,1040145,4,1,""
1409,2022580,1041148,4,1,""
1410,2022580,1060134,4,1,""
1411,2022580,1061156,4,1,""
1412,2022580,1072399,2,1,""
1413,2022580,1302119,1,1,""
1414,2022580,1312045,1,1,""
1415,2022580,1322073,1,1,""
1416,2022580,1402064,1,1,""
1417,2022580,1412042,1,1,""
1418,2022580,1422045,1,1,""
1419,2022580,1432057,1,1,""
1420,2022580,1442082,1,1,""
1421,2022580,2002004,50,2,""
1422,2022580,2002004,20,4,""
1423,2022581,1002991,6,1,""
1424,2022581,1050155,6,1,""
1425,2022581,1051191,6,1,""
1426,2022581,1072400,6,1,""
1427,2022581,1372053,3,1,""
1428,2022581,1382070,3,1,""
1429,2022581,2002002,50,2,""
1430,2022581,2002002,20,4,""
1431,2022582,1002992,4,1,""
1432,2022582,1040146,4,1,""
1433,2022582,1041149,4,1,""
1434,2022582,1060135,4,1,""
1435,2022582,1061157,4,1,""
1436,2022582,1072401,4,1,""
1437,2022582,1452073,3,1,""
1438,2022582,1462066,3,1,""
1439,2022582,2002005,50,2,""
1440,2022582,2002005,20,4,""
1441,2022583,1002993,4,1,""
1442,2022583,1040147,4,1,""
1443,2022583,1041150,4,1,""
1444,2022583,1060136,4,1,""
1445,2022583,1061158,4,1,""
1446,2022583,1072402,4,1,""
1447,2022583,1332088,3,1,""
1448,2022583,1472089,3,1,""
1449,2022583,2002000,50,2,""
1450,2022583,2002000,20,4,""
1451,2022584,1002994,8,1,""
1452,2022584,1052208,8,1,""
1453,2022584,1072403,8,1,""
1454,2022584,1482037,3,1,""
1455,2022584,1492038,3,1,""
1456,2022584,2002000,50,2,""
1457,2022584,2002000,20,4,""
1458,2022613,2000009,4500,10,""
1459,2022613,2000010,5500,10,""
1460,2022613,2000006,1500,7,""
1461,2022613,2022003,1500,7,""
1462,2022613,2000004,1200,5,""
1463,2022613,2000005,500,3,""
1464,2022613,2043001,6,1,""
1465,2022613,2043101,6,1,""
1466,2022613,2043201,6,1,""
1467,2022613,2043301,6,1,""
1468,2022613,2043701,6,1,""
1469,2022613,2043801,6,1,""
1470,2022613,2044001,6,1,""
1471,2022613,2044101,6,1,""
1472,2022613,2044201,6,1,""
1473,2022613,2044301,6,1,""
1474,2022613,2044401,6,1,""
1475,2022613,2044501,6,1,""
1476,2022613,2044601,6,1,""
1477,2022613,2044701,6,1,""
1478,2022613,2044801,6,1,""
1479,2022613,2044901,6,1,""
1480,2022613,2040804,5,1,""
1481,2022613,2049100,1,1,""
1482,2022613,2049000,1,1,""
1483,2022613,1132012,15,1,""
1484,2022614,2000004,30,10,"Effect/BasicEff/Event1/Success"
1485,2022614,2000005,30,5,"Effect/BasicEff/Event1/Success"
1486,2022614,2000006,20,10,"Effect/BasicEff/Event1/Success"
1487,2022614,2030000,15,15,"Effect/BasicEff/Event1/Success"
1488,2022614,2050004,15,15,"Effect/BasicEff/Event1/Success"
1489,2022614,4021007,15,1,"Effect/BasicEff/Event1/Success"
1490,2022614,4021008,10,1,"Effect/BasicEff/Event1/Success"
1491,2022614,2040021,10,1,"Effect/BasicEff/Event1/Success"
1492,2022614,2040313,3,1,"Effect/BasicEff/Event1/Success"
1493,2022614,2040415,3,1,"Effect/BasicEff/Event1/Success"
1494,2022614,2040522,3,1,"Effect/BasicEff/Event1/Success"
1495,2022614,2040615,3,1,"Effect/BasicEff/Event1/Success"
1496,2022614,2040722,3,1,"Effect/BasicEff/Event1/Success"
1497,2022614,2040821,3,1,"Effect/BasicEff/Event1/Success"
1498,2022614,2041042,3,1,"Effect/BasicEff/Event1/Success"
1499,2022614,2044906,3,1,"Effect/BasicEff/Event1/Success"
1500,2022614,2043011,3,1,"Effect/BasicEff/Event1/Success"
1501,2022614,2043106,3,1,"Effect/BasicEff/Event1/Success"
1502,2022614,2043206,3,1,"Effect/BasicEff/Event1/Success"
1503,2022614,2043306,3,1,"Effect/BasicEff/Event1/Success"
1504,2022614,2043706,3,1,"Effect/BasicEff/Event1/Success"
1505,2022614,2043806,3,1,"Effect/BasicEff/Event1/Success"
1506,2022614,2044006,3,1,"Effect/BasicEff/Event1/Success"
1507,2022614,2044106,3,1,"Effect/BasicEff/Event1/Success"
1508,2022614,2044206,3,1,"Effect/BasicEff/Event1/Success"
1509,2022614,2044306,3,1,"Effect/BasicEff/Event1/Success"
1510,2022614,2044406,3,1,"Effect/BasicEff/Event1/Success"
1511,2022614,2044506,3,1,"Effect/BasicEff/Event1/Success"
1512,2022614,2044606,3,1,"Effect/BasicEff/Event1/Success"
1513,2022614,2044706,3,1,"Effect/BasicEff/Event1/Success"
1514,2022614,2044811,3,1,"Effect/BasicEff/Event1/Success"
1515,2022614,4003000,8,10,"Effect/BasicEff/Event1/Success"
1516,2022614,4003001,8,10,"Effect/BasicEff/Event1/Success"
1517,2022614,4010000,8,5,"Effect/BasicEff/Event1/Success"
1518,2022614,4010001,8,5,"Effect/BasicEff/Event1/Success"
1519,2022614,4010002,8,5,"Effect/BasicEff/Event1/Success"
1520,2022614,4010003,8,5,"Effect/BasicEff/Event1/Success"
1521,2022614,4010004,8,5,"Effect/BasicEff/Event1/Success"
1522,2022614,4010005,8,5,"Effect/BasicEff/Event1/Success"
1523,2022614,4010006,8,5,"Effect/BasicEff/Event1/Success"
1524,2022614,4010007,8,5,"Effect/BasicEff/Event1/Success"
1525,2022614,4011000,10,1,"Effect/BasicEff/Event1/Success"
1526,2022614,4011001,10,1,"Effect/BasicEff/Event1/Success"
1527,2022614,4011002,10,1,"Effect/BasicEff/Event1/Success"
1528,2022614,4011003,10,1,"Effect/BasicEff/Event1/Success"
1529,2022614,4011004,10,1,"Effect/BasicEff/Event1/Success"
1530,2022614,4011005,10,1,"Effect/BasicEff/Event1/Success"
1531,2022614,4011006,10,1,"Effect/BasicEff/Event1/Success"
1532,2022614,4011007,10,1,"Effect/BasicEff/Event1/Success"
1533,2022614,4011008,20,1,"Effect/BasicEff/Event1/Success"
1534,2022614,2020002,20,1,"Effect/BasicEff/Event1/Success"
1535,2022614,2020001,20,1,"Effect/BasicEff/Event1/Success"
1536,2022614,2020000,20,1,"Effect/BasicEff/Event1/Success"
1537,2022614,2000016,20,1,"Effect/BasicEff/Event1/Success"
1538,2022614,2020005,20,1,"Effect/BasicEff/Event1/Success"
1539,2022614,2020003,20,1,"Effect/BasicEff/Event1/Success"
1540,2022614,2020009,20,1,"Effect/BasicEff/Event1/Success"
1541,2022614,2020006,20,1,"Effect/BasicEff/Event1/Success"
1542,2022614,2020007,20,1,"Effect/BasicEff/Event1/Success"
1543,2022614,2022000,20,1,"Effect/BasicEff/Event1/Success"
1544,2022614,2020010,20,1,"Effect/BasicEff/Event1/Success"
1545,2022614,2001000,20,1,"Effect/BasicEff/Event1/Success"
1546,2022614,2001002,20,1,"Effect/BasicEff/Event1/Success"
1547,2022614,2001001,20,1,"Effect/BasicEff/Event1/Success"
1548,2022614,2020012,20,1,"Effect/BasicEff/Event1/Success"
1549,2022614,2020014,20,1,"Effect/BasicEff/Event1/Success"
1550,2022614,2020013,20,1,"Effect/BasicEff/Event1/Success"
1551,2022614,2020015,20,1,"Effect/BasicEff/Event1/Success"
1552,2022614,4004000,5,1,"Effect/BasicEff/Event1/Success"
1553,2022614,4004001,5,1,"Effect/BasicEff/Event1/Success"
1554,2022614,4004002,5,1,"Effect/BasicEff/Event1/Success"
1555,2022614,4004003,5,1,"Effect/BasicEff/Event1/Success"
1556,2022614,4010006,5,1,"Effect/BasicEff/Event1/Success"
1557,2022614,4020007,5,1,"Effect/BasicEff/Event1/Success"
1558,2022614,4020007,5,1,"Effect/BasicEff/Event1/Success"
1559,2022615,2000009,4500,5,""
1560,2022615,2000010,5070,5,""
1561,2022615,2000006,200,3,""
1562,2022615,2022003,100,3,""
1563,2022615,2000004,50,1,""
1564,2022615,1302008,1,1,""
1565,2022615,1312005,1,1,""
1566,2022615,1322014,1,1,""
1567,2022615,1332009,1,1,""
1568,2022615,1372003,1,1,""
1569,2022615,1382017,1,1,""
1570,2022615,1402002,1,1,""
1571,2022615,1412006,1,1,""
1572,2022615,1422001,1,1,""
1573,2022615,1432002,1,1,""
1574,2022615,1442001,1,1,""
1575,2022615,1452005,1,1,""
1576,2022615,1462000,1,1,""
1577,2022615,1472009,1,1,""
1578,2022615,1482004,1,1,""
1579,2022615,1492004,1,1,""
1580,2022618,2000009,4500,10,""
1581,2022618,2000010,5500,10,""
1582,2022618,2000006,1500,7,""
1583,2022618,2022003,1500,7,""
1584,2022618,2000004,1200,5,""
1585,2022618,2000005,500,3,""
1586,2022618,2043001,6,1,""
1587,2022618,2043101,6,1,""
1588,2022618,2043201,6,1,""
1589,2022618,2043301,6,1,""
1590,2022618,2043701,6,1,""
1591,2022618,2043801,6,1,""
1592,2022618,2044001,6,1,""
1593,2022618,2044101,6,1,""
1594,2022618,2044201,6,1,""
1595,2022618,2044301,6,1,""
1596,2022618,2044401,6,1,""
1597,2022618,2044501,6,1,""
1598,2022618,2044601,6,1,""
1599,2022618,2044701,6,1,""
1600,2022618,2044801,6,1,""
1601,2022618,2044901,6,1,""
1602,2022618,2040804,5,1,""
1603,2022618,2049100,1,1,""
1604,2022618,2049000,1,1,""
1605,2022618,1132012,8,1,""
1606,2022618,1132013,3,1,""
1607,2022428,2022456,300,10,"Effect/BasicEff/Event1/Success"
1608,2022428,2022457,200,5,"Effect/BasicEff/Event1/Success"
1609,2022428,2000006,200,10,"Effect/BasicEff/Event1/Success"
1610,2022428,2030000,70,15,"Effect/BasicEff/Event1/Success"
1611,2022428,2050004,70,15,"Effect/BasicEff/Event1/Success"
1612,2022428,4021007,23,1,"Effect/BasicEff/Event1/Success"
1613,2022428,4021008,23,1,"Effect/BasicEff/Event1/Success"
1614,2022428,2040021,5,1,"Effect/BasicEff/Event1/Success"
1615,2022428,2040313,5,1,"Effect/BasicEff/Event1/Success"
1616,2022428,2040415,5,1,"Effect/BasicEff/Event1/Success"
1617,2022428,2040522,5,1,"Effect/BasicEff/Event1/Success"
1618,2022428,2040615,5,1,"Effect/BasicEff/Event1/Success"
1619,2022428,2040722,5,1,"Effect/BasicEff/Event1/Success"
1620,2022428,2040821,5,1,"Effect/BasicEff/Event1/Success"
1621,2022428,2041042,5,1,"Effect/BasicEff/Event1/Success"
1622,2022428,2022428,10,1,"Effect/BasicEff/Event1/Success"
1623,2022428,2043011,4,1,"Effect/BasicEff/Event1/Success"
1624,2022428,2043106,4,1,"Effect/BasicEff/Event1/Success"
1625,2022428,2043206,4,1,"Effect/BasicEff/Event1/Success"
1626,2022428,2043306,4,1,"Effect/BasicEff/Event1/Success"
1627,2022428,2043706,4,1,"Effect/BasicEff/Event1/Success"
1628,2022428,2043806,4,1,"Effect/BasicEff/Event1/Success"
1629,2022428,2044006,4,1,"Effect/BasicEff/Event1/Success"
1630,2022428,2044106,4,1,"Effect/BasicEff/Event1/Success"
1631,2022428,2044206,4,1,"Effect/BasicEff/Event1/Success"
1632,2022428,2044306,4,1,"Effect/BasicEff/Event1/Success"
1633,2022428,2044406,4,1,"Effect/BasicEff/Event1/Success"
1634,2022428,2044506,4,1,"Effect/BasicEff/Event1/Success"
1635,2022428,2044606,4,1,"Effect/BasicEff/Event1/Success"
1636,2022428,2044706,4,1,"Effect/BasicEff/Event1/Success"
1637,2022428,2044811,4,1,"Effect/BasicEff/Event1/Success"
1638,2022428,2044906,4,1,"Effect/BasicEff/Event1/Success"
