reactorid,state,"event_type",timeout,itemid,quantity,ltx,lty,rbx,rby,next_state
2000,0,"plain_advance_state",0,0,0,0,0,0,0,1
2000,1,"plain_advance_state",0,0,0,0,0,0,0,2
2000,2,"plain_advance_state",0,0,0,0,0,0,0,3
2000,3,"plain_advance_state",0,0,0,0,0,0,0,4
2000,4,"plain_advance_state",0,0,0,0,0,0,0,0
2001,0,"plain_advance_state",0,0,0,0,0,0,0,1
2001,1,"plain_advance_state",0,0,0,0,0,0,0,2
2001,2,"plain_advance_state",0,0,0,0,0,0,0,3
2001,3,"plain_advance_state",0,0,0,0,0,0,0,4
2001,4,"plain_advance_state",0,0,0,0,0,0,0,0
1002000,0,"plain_advance_state",0,0,0,0,0,0,0,0
1002000,1,"plain_advance_state",0,0,0,0,0,0,0,0
1002000,2,"plain_advance_state",0,0,0,0,0,0,0,0
1002000,3,"plain_advance_state",0,0,0,0,0,0,0,0
1002000,4,"plain_advance_state",0,0,0,0,0,0,0,0
1002000,5,"plain_advance_state",1000,0,0,0,0,0,0,0
1002002,0,"plain_advance_state",2000,0,0,0,0,0,0,5
1002002,1,"plain_advance_state",2000,0,0,0,0,0,0,6
1002002,2,"plain_advance_state",2000,0,0,0,0,0,0,7
1002002,3,"plain_advance_state",2000,0,0,0,0,0,0,8
1002002,4,"plain_advance_state",2000,0,0,0,0,0,0,9
1002002,5,"plain_advance_state",10000,0,0,0,0,0,0,3
1002002,6,"plain_advance_state",10000,0,0,0,0,0,0,1
1002002,7,"plain_advance_state",10000,0,0,0,0,0,0,0
1002002,8,"plain_advance_state",10000,0,0,0,0,0,0,2
1002002,9,"plain_advance_state",10000,0,0,0,0,0,0,4
1002003,0,"plain_advance_state",2000,0,0,0,0,0,0,5
1002003,1,"plain_advance_state",2000,0,0,0,0,0,0,6
1002003,2,"plain_advance_state",2000,0,0,0,0,0,0,7
1002003,3,"plain_advance_state",2000,0,0,0,0,0,0,8
1002003,4,"plain_advance_state",2000,0,0,0,0,0,0,9
1002003,5,"plain_advance_state",10000,0,0,0,0,0,0,3
1002003,6,"plain_advance_state",10000,0,0,0,0,0,0,1
1002003,7,"plain_advance_state",10000,0,0,0,0,0,0,0
1002003,8,"plain_advance_state",10000,0,0,0,0,0,0,2
1002003,9,"plain_advance_state",10000,0,0,0,0,0,0,4
1002006,0,"plain_advance_state",10000,0,0,0,0,0,0,1
1002006,1,"plain_advance_state",10000,0,0,0,0,0,0,2
1002006,2,"plain_advance_state",10000,0,0,0,0,0,0,4
1002006,3,"plain_advance_state",5000,0,0,0,0,0,0,0
1002006,4,"plain_advance_state",5000,0,0,0,0,0,0,0
1006000,0,"hit_by_item",0,4032035,1,-172,-32,172,43,1
1006000,1,"plain_advance_state",0,0,0,0,0,0,0,0
1008000,0,"plain_advance_state",3000,0,0,0,0,0,0,1
1008000,1,"plain_advance_state",3000,0,0,0,0,0,0,2
1008000,2,"plain_advance_state",3000,0,0,0,0,0,0,3
1008000,3,"plain_advance_state",3000,0,0,0,0,0,0,4
1008000,4,"plain_advance_state",3000,0,0,0,0,0,0,5
1008000,5,"plain_advance_state",3000,0,0,0,0,0,0,0
1008001,0,"plain_advance_state",3000,0,0,0,0,0,0,1
1008001,1,"plain_advance_state",3000,0,0,0,0,0,0,2
1008001,2,"plain_advance_state",3000,0,0,0,0,0,0,3
1008001,3,"plain_advance_state",3000,0,0,0,0,0,0,4
1008001,4,"plain_advance_state",3000,0,0,0,0,0,0,5
1008001,5,"plain_advance_state",3000,0,0,0,0,0,0,0
1008002,0,"plain_advance_state",3000,0,0,0,0,0,0,1
1008002,1,"plain_advance_state",3000,0,0,0,0,0,0,2
1008002,2,"plain_advance_state",3000,0,0,0,0,0,0,3
1008002,3,"plain_advance_state",3000,0,0,0,0,0,0,4
1008002,4,"plain_advance_state",3000,0,0,0,0,0,0,5
1008002,5,"plain_advance_state",3000,0,0,0,0,0,0,0
1008003,0,"plain_advance_state",3000,0,0,0,0,0,0,1
1008003,1,"plain_advance_state",3000,0,0,0,0,0,0,2
1008003,2,"plain_advance_state",3000,0,0,0,0,0,0,3
1008003,3,"plain_advance_state",3000,0,0,0,0,0,0,4
1008003,4,"plain_advance_state",3000,0,0,0,0,0,0,5
1008003,5,"plain_advance_state",3000,0,0,0,0,0,0,0
1009000,0,"plain_advance_state",0,0,0,0,0,0,0,1
1009000,1,"plain_advance_state",0,0,0,0,0,0,0,2
1009000,2,"plain_advance_state",0,0,0,0,0,0,0,3
1009000,3,"plain_advance_state",0,0,0,0,0,0,0,4
1009000,4,"plain_advance_state",0,0,0,0,0,0,0,0
1012000,0,"plain_advance_state",0,0,0,0,0,0,0,1
1012000,1,"plain_advance_state",0,0,0,0,0,0,0,2
1012000,2,"plain_advance_state",0,0,0,0,0,0,0,3
1012000,3,"plain_advance_state",0,0,0,0,0,0,0,4
1012000,4,"plain_advance_state",0,0,0,0,0,0,0,0
1020000,0,"plain_advance_state",0,0,0,0,0,0,0,1
1020000,1,"plain_advance_state",0,0,0,0,0,0,0,2
1020000,2,"plain_advance_state",0,0,0,0,0,0,0,3
1020000,3,"plain_advance_state",0,0,0,0,0,0,0,4
1020000,4,"plain_advance_state",0,0,0,0,0,0,0,0
1022000,0,"plain_advance_state",0,0,0,0,0,0,0,1
1022000,1,"plain_advance_state",0,0,0,0,0,0,0,2
1022000,2,"plain_advance_state",0,0,0,0,0,0,0,3
1022000,3,"plain_advance_state",0,0,0,0,0,0,0,4
1022000,4,"plain_advance_state",0,0,0,0,0,0,0,0
1022001,0,"plain_advance_state",0,0,0,0,0,0,0,1
1022001,1,"plain_advance_state",0,0,0,0,0,0,0,2
1022001,2,"plain_advance_state",0,0,0,0,0,0,0,3
1022001,3,"plain_advance_state",0,0,0,0,0,0,0,4
1022001,4,"plain_advance_state",0,0,0,0,0,0,0,0
1022002,0,"plain_advance_state",0,0,0,0,0,0,0,1
1022002,1,"plain_advance_state",0,0,0,0,0,0,0,2
1022002,2,"plain_advance_state",0,0,0,0,0,0,0,3
1022002,3,"plain_advance_state",0,0,0,0,0,0,0,4
1022002,4,"plain_advance_state",0,0,0,0,0,0,0,0
1029000,0,"plain_advance_state",0,0,0,0,0,0,0,1
1029000,1,"plain_advance_state",0,0,0,0,0,0,0,2
1029000,2,"plain_advance_state",0,0,0,0,0,0,0,3
1029000,3,"plain_advance_state",0,0,0,0,0,0,0,4
1029000,4,"plain_advance_state",0,0,0,0,0,0,0,0
1032000,0,"plain_advance_state",0,0,0,0,0,0,0,1
1032000,1,"plain_advance_state",0,0,0,0,0,0,0,2
1032000,2,"plain_advance_state",0,0,0,0,0,0,0,3
1032000,3,"plain_advance_state",0,0,0,0,0,0,0,4
1032000,4,"plain_advance_state",0,0,0,0,0,0,0,0
1050000,0,"plain_advance_state",0,0,0,0,0,0,0,1
1050000,1,"plain_advance_state",0,0,0,0,0,0,0,2
1050000,2,"plain_advance_state",0,0,0,0,0,0,0,3
1050000,3,"plain_advance_state",0,0,0,0,0,0,0,4
1050000,4,"plain_advance_state",0,0,0,0,0,0,0,0
1052001,0,"plain_advance_state",0,0,0,0,0,0,0,1
1052001,1,"plain_advance_state",0,0,0,0,0,0,0,2
1052001,2,"plain_advance_state",0,0,0,0,0,0,0,3
1052001,3,"plain_advance_state",0,0,0,0,0,0,0,0
1052002,0,"plain_advance_state",0,0,0,0,0,0,0,1
1052002,1,"plain_advance_state",0,0,0,0,0,0,0,2
1052002,2,"plain_advance_state",0,0,0,0,0,0,0,3
1052002,3,"plain_advance_state",0,0,0,0,0,0,0,0
1052003,0,"plain_advance_state",0,0,0,0,0,0,0,1
1052003,1,"plain_advance_state",0,0,0,0,0,0,0,2
1052003,2,"plain_advance_state",0,0,0,0,0,0,0,3
1052003,3,"plain_advance_state",0,0,0,0,0,0,0,0
1058000,0,"plain_advance_state",0,0,0,0,0,0,0,0
1058000,1,"plain_advance_state",0,0,0,0,0,0,0,0
1058001,0,"plain_advance_state",0,0,0,0,0,0,0,0
1058001,1,"plain_advance_state",25000,0,0,0,0,0,0,5
1058001,2,"plain_advance_state",10000,0,0,0,0,0,0,5
1058001,3,"plain_advance_state",10000,0,0,0,0,0,0,5
1058001,4,"plain_advance_state",900,0,0,0,0,0,0,0
1058001,5,"plain_advance_state",900,0,0,0,0,0,0,0
1058002,0,"plain_advance_state",0,0,0,0,0,0,0,0
1058002,1,"plain_advance_state",0,0,0,0,0,0,0,0
1058002,2,"plain_advance_state",1000,0,0,0,0,0,0,0
1058003,0,"plain_advance_state",0,0,0,0,0,0,0,0
1058003,1,"plain_advance_state",25000,0,0,0,0,0,0,5
1058003,2,"plain_advance_state",10000,0,0,0,0,0,0,5
1058003,3,"plain_advance_state",10000,0,0,0,0,0,0,5
1058003,4,"plain_advance_state",900,0,0,0,0,0,0,0
1058003,5,"plain_advance_state",900,0,0,0,0,0,0,0
1058004,0,"plain_advance_state",0,0,0,0,0,0,0,0
1058004,1,"plain_advance_state",25000,0,0,0,0,0,0,5
1058004,2,"plain_advance_state",10000,0,0,0,0,0,0,5
1058004,3,"plain_advance_state",10000,0,0,0,0,0,0,5
1058004,4,"plain_advance_state",900,0,0,0,0,0,0,0
1058004,5,"plain_advance_state",900,0,0,0,0,0,0,0
1058005,0,"plain_advance_state",600000,0,0,0,0,0,0,1
1058005,1,"plain_advance_state",90000,0,0,0,0,0,0,2
1058005,2,"plain_advance_state",0,0,0,0,0,0,0,0
1058011,0,"plain_advance_state",0,0,0,0,0,0,0,0
1058011,1,"plain_advance_state",25000,0,0,0,0,0,0,5
1058011,2,"plain_advance_state",10000,0,0,0,0,0,0,5
1058011,3,"plain_advance_state",10000,0,0,0,0,0,0,5
1058011,4,"plain_advance_state",900,0,0,0,0,0,0,0
1058011,5,"plain_advance_state",900,0,0,0,0,0,0,0
1058012,0,"plain_advance_state",0,0,0,0,0,0,0,0
1058012,1,"plain_advance_state",0,0,0,0,0,0,0,0
1058012,2,"plain_advance_state",1000,0,0,0,0,0,0,0
1058013,0,"plain_advance_state",0,0,0,0,0,0,0,0
1058013,1,"plain_advance_state",25000,0,0,0,0,0,0,5
1058013,2,"plain_advance_state",10000,0,0,0,0,0,0,5
1058013,3,"plain_advance_state",10000,0,0,0,0,0,0,5
1058013,4,"plain_advance_state",900,0,0,0,0,0,0,0
1058013,5,"plain_advance_state",900,0,0,0,0,0,0,0
1058014,0,"plain_advance_state",0,0,0,0,0,0,0,0
1058014,1,"plain_advance_state",25000,0,0,0,0,0,0,5
1058014,2,"plain_advance_state",10000,0,0,0,0,0,0,5
1058014,3,"plain_advance_state",10000,0,0,0,0,0,0,5
1058014,4,"plain_advance_state",900,0,0,0,0,0,0,0
1058014,5,"plain_advance_state",900,0,0,0,0,0,0,0
1058015,0,"plain_advance_state",305000,0,0,0,0,0,0,1
1058015,1,"plain_advance_state",90000,0,0,0,0,0,0,2
1058015,2,"plain_advance_state",0,0,0,0,0,0,0,0
1072000,0,"hit_from_right",0,0,0,0,0,0,0,1
1072000,1,"hit_from_right",0,0,0,0,0,0,0,2
1072000,2,"hit_from_right",0,0,0,0,0,0,0,3
1072000,3,"plain_advance_state",0,0,0,0,0,0,0,0
1102000,0,"plain_advance_state",0,0,0,0,0,0,0,1
1102000,1,"plain_advance_state",0,0,0,0,0,0,0,2
1102000,2,"plain_advance_state",0,0,0,0,0,0,0,3
1102000,3,"plain_advance_state",0,0,0,0,0,0,0,4
1102000,4,"plain_advance_state",0,0,0,0,0,0,0,0
1102001,0,"plain_advance_state",0,0,0,0,0,0,0,1
1102001,1,"plain_advance_state",0,0,0,0,0,0,0,2
1102001,2,"plain_advance_state",0,0,0,0,0,0,0,3
1102001,3,"plain_advance_state",0,0,0,0,0,0,0,0
1102002,0,"plain_advance_state",0,0,0,0,0,0,0,1
1102002,1,"plain_advance_state",0,0,0,0,0,0,0,2
1102002,2,"plain_advance_state",0,0,0,0,0,0,0,3
1102002,3,"plain_advance_state",0,0,0,0,0,0,0,0
1200000,0,"plain_advance_state",0,0,0,0,0,0,0,1
1200000,1,"plain_advance_state",0,0,0,0,0,0,0,0
1202000,0,"plain_advance_state",0,0,0,0,0,0,0,1
1202000,1,"plain_advance_state",0,0,0,0,0,0,0,2
1202000,2,"plain_advance_state",0,0,0,0,0,0,0,3
1202000,3,"plain_advance_state",0,0,0,0,0,0,0,4
1202000,4,"plain_advance_state",0,0,0,0,0,0,0,0
1202002,0,"plain_advance_state",0,0,0,0,0,0,0,1
1202002,1,"plain_advance_state",0,0,0,0,0,0,0,2
1202002,2,"plain_advance_state",0,0,0,0,0,0,0,3
1202002,3,"plain_advance_state",0,0,0,0,0,0,0,4
1202002,4,"plain_advance_state",0,0,0,0,0,0,0,0
1202003,0,"plain_advance_state",0,0,0,0,0,0,0,1
1202003,1,"plain_advance_state",0,0,0,0,0,0,0,2
1202003,2,"plain_advance_state",0,0,0,0,0,0,0,3
1202003,3,"plain_advance_state",0,0,0,0,0,0,0,4
1202003,4,"plain_advance_state",0,0,0,0,0,0,0,5
1202003,5,"plain_advance_state",0,0,0,0,0,0,0,0
1202004,0,"plain_advance_state",0,0,0,0,0,0,0,1
1202004,1,"plain_advance_state",0,0,0,0,0,0,0,2
1202004,2,"plain_advance_state",0,0,0,0,0,0,0,3
1202004,3,"plain_advance_state",0,0,0,0,0,0,0,4
1202004,4,"plain_advance_state",0,0,0,0,0,0,0,0
1209000,0,"plain_advance_state",0,0,0,0,0,0,0,1
1209000,1,"plain_advance_state",0,0,0,0,0,0,0,0
1302000,0,"plain_advance_state",0,0,0,0,0,0,0,1
1302000,1,"plain_advance_state",0,0,0,0,0,0,0,2
1302000,2,"plain_advance_state",0,0,0,0,0,0,0,3
1302000,3,"plain_advance_state",0,0,0,0,0,0,0,4
1302000,4,"plain_advance_state",0,0,0,0,0,0,0,0
1402000,0,"plain_advance_state",0,0,0,0,0,0,0,1
1402000,1,"plain_advance_state",0,0,0,0,0,0,0,2
1402000,2,"plain_advance_state",0,0,0,0,0,0,0,3
1402000,3,"plain_advance_state",0,0,0,0,0,0,0,4
1402000,4,"plain_advance_state",0,0,0,0,0,0,0,0
2001000,0,"hit_by_item",0,4001053,1,-56,-32,55,43,1
2001000,1,"plain_advance_state",0,0,0,0,0,0,0,0
2001001,0,"hit_by_item",0,4001053,1,-56,-32,55,43,1
2001001,1,"plain_advance_state",0,0,0,0,0,0,0,0
2001002,0,"hit_by_item",0,4001074,1,-160,-32,160,32,1
2001002,1,"plain_advance_state",0,0,0,0,0,0,0,0
2001016,0,"hit_by_item",0,4001074,1,-48,-48,47,48,1
2001016,1,"plain_advance_state",0,0,0,0,0,0,0,0
2002000,0,"plain_advance_state",0,0,0,0,0,0,0,1
2002000,1,"plain_advance_state",0,0,0,0,0,0,0,2
2002000,2,"plain_advance_state",0,0,0,0,0,0,0,3
2002000,3,"plain_advance_state",0,0,0,0,0,0,0,4
2002000,4,"plain_advance_state",0,0,0,0,0,0,0,0
2002001,0,"plain_advance_state",0,0,0,0,0,0,0,1
2002001,1,"plain_advance_state",0,0,0,0,0,0,0,2
2002001,2,"plain_advance_state",0,0,0,0,0,0,0,3
2002001,3,"plain_advance_state",0,0,0,0,0,0,0,4
2002001,4,"plain_advance_state",0,0,0,0,0,0,0,0
2002002,0,"plain_advance_state",0,0,0,0,0,0,0,1
2002002,1,"plain_advance_state",0,0,0,0,0,0,0,2
2002002,2,"plain_advance_state",0,0,0,0,0,0,0,3
2002002,3,"plain_advance_state",0,0,0,0,0,0,0,4
2002002,4,"plain_advance_state",0,0,0,0,0,0,0,0
2002003,0,"hit_by_item",0,4001054,1,-44,-48,54,41,1
2002003,1,"plain_advance_state",0,0,0,0,0,0,0,2
2002003,2,"plain_advance_state",0,0,0,0,0,0,0,3
2002003,3,"plain_advance_state",0,0,0,0,0,0,0,4
2002003,4,"plain_advance_state",0,0,0,0,0,0,0,5
2002003,5,"plain_advance_state",0,0,0,0,0,0,0,0
2002011,0,"plain_advance_state",0,0,0,0,0,0,0,0
2002011,1,"plain_advance_state",0,0,0,0,0,0,0,2
2002011,2,"plain_advance_state",0,0,0,0,0,0,0,3
2002011,3,"plain_advance_state",0,0,0,0,0,0,0,4
2002011,4,"plain_advance_state",0,0,0,0,0,0,0,5
2002011,5,"plain_advance_state",0,0,0,0,0,0,0,0
2002018,0,"plain_advance_state",0,0,0,0,0,0,0,0
2002018,1,"plain_advance_state",0,0,0,0,0,0,0,2
2002018,2,"plain_advance_state",0,0,0,0,0,0,0,3
2002018,3,"plain_advance_state",0,0,0,0,0,0,0,4
2002018,4,"plain_advance_state",0,0,0,0,0,0,0,5
2002018,5,"plain_advance_state",0,0,0,0,0,0,0,0
2006000,0,"plain_advance_state",0,0,0,0,0,0,0,0
2006000,1,"plain_advance_state",0,0,0,0,0,0,0,0
2006000,2,"plain_advance_state",0,0,0,0,0,0,0,0
2006000,3,"plain_advance_state",0,0,0,0,0,0,0,0
2006000,4,"plain_advance_state",0,0,0,0,0,0,0,0
2006000,5,"plain_advance_state",0,0,0,0,0,0,0,0
2006000,6,"plain_advance_state",0,0,0,0,0,0,0,0
2006000,7,"plain_advance_state",0,0,0,0,0,0,0,0
2006000,8,"plain_advance_state",0,0,0,0,0,0,0,0
2006000,9,"plain_advance_state",0,0,0,0,0,0,0,0
2006000,10,"plain_advance_state",0,0,0,0,0,0,0,0
2006000,11,"plain_advance_state",0,0,0,0,0,0,0,0
2006000,12,"plain_advance_state",0,0,0,0,0,0,0,0
2006000,13,"plain_advance_state",0,0,0,0,0,0,0,0
2006000,14,"plain_advance_state",0,0,0,0,0,0,0,0
2006000,15,"plain_advance_state",0,0,0,0,0,0,0,0
2006000,16,"plain_advance_state",0,0,0,0,0,0,0,0
2006000,17,"plain_advance_state",0,0,0,0,0,0,0,0
2006000,18,"plain_advance_state",0,0,0,0,0,0,0,0
2006000,19,"plain_advance_state",0,0,0,0,0,0,0,0
2006000,20,"hit_by_item",0,4001063,20,-33,-36,34,81,21
2006000,21,"plain_advance_state",0,0,0,0,0,0,0,0
2006001,0,"plain_advance_state",0,0,0,0,0,0,0,0
2006001,1,"plain_advance_state",0,0,0,0,0,0,0,0
2006001,2,"plain_advance_state",0,0,0,0,0,0,0,0
2006001,3,"plain_advance_state",0,0,0,0,0,0,0,0
2006001,4,"plain_advance_state",0,0,0,0,0,0,0,0
2006001,5,"plain_advance_state",0,0,0,0,0,0,0,0
2006001,6,"hit_by_item",0,4001055,1,-48,-48,47,48,7
2006001,7,"plain_advance_state",0,0,0,0,0,0,0,0
2008000,0,"hit_by_item",0,4001046,1,-48,-37,48,33,1
2008000,1,"plain_advance_state",0,0,0,0,0,0,0,0
2008001,0,"hit_by_item",0,4001049,1,-54,-25,55,92,1
2008001,1,"plain_advance_state",0,0,0,0,0,0,0,0
2008002,0,"hit_by_item",0,4001047,1,-43,-27,57,124,1
2008002,1,"plain_advance_state",0,0,0,0,0,0,0,0
2008003,0,"hit_by_item",0,4001044,1,-56,-35,50,58,1
2008003,1,"plain_advance_state",0,0,0,0,0,0,0,0
2008004,0,"hit_by_item",0,4001048,1,-34,-27,42,49,1
2008004,1,"plain_advance_state",0,0,0,0,0,0,0,0
2008005,0,"hit_by_item",0,4001045,1,-49,-48,56,79,1
2008005,1,"plain_advance_state",0,0,0,0,0,0,0,0
2008006,0,"hit_by_item",0,4001062,1,-52,-64,40,79,7
2008006,1,"hit_by_item",0,4001062,1,-52,-64,40,79,7
2008006,2,"hit_by_item",0,4001062,1,-52,-64,40,79,7
2008006,3,"hit_by_item",0,4001062,1,-52,-64,40,79,7
2008006,4,"hit_by_item",0,4001062,1,-52,-64,40,79,7
2008006,5,"hit_by_item",0,4001062,1,-52,-64,40,79,7
2008006,6,"hit_by_item",0,4001062,1,-52,-64,40,79,7
2008006,7,"hit_by_item",0,4001062,1,-52,-64,40,79,7
2008007,0,"plain_advance_state",0,0,0,0,0,0,0,1
2008007,1,"plain_advance_state",0,0,0,0,0,0,0,0
2008008,0,"plain_advance_state",0,0,0,0,0,0,0,0
2092000,0,"hit_by_item",0,4000417,1,-209,-400,175,-3,1
2092000,1,"plain_advance_state",0,0,0,0,0,0,0,0
2092001,0,"plain_advance_state",0,0,0,0,0,0,0,1
2092001,1,"plain_advance_state",0,0,0,0,0,0,0,2
2092001,2,"plain_advance_state",0,0,0,0,0,0,0,3
2092001,3,"plain_advance_state",0,0,0,0,0,0,0,4
2092001,4,"plain_advance_state",0,0,0,0,0,0,0,0
2092002,0,"plain_advance_state",0,0,0,0,0,0,0,1
2092002,1,"plain_advance_state",0,0,0,0,0,0,0,0
2092003,0,"plain_advance_state",0,0,0,0,0,0,0,1
2092003,1,"plain_advance_state",0,0,0,0,0,0,0,2
2092003,2,"plain_advance_state",0,0,0,0,0,0,0,0
2092004,0,"hit_by_item",0,2070016,1,-81,-68,99,31,1
2092004,1,"plain_advance_state",0,0,0,0,0,0,0,0
2098000,0,"plain_advance_state",0,0,0,0,0,0,0,0
2098000,1,"plain_advance_state",0,0,0,0,0,0,0,0
2098000,2,"plain_advance_state",0,0,0,0,0,0,0,0
2098000,3,"plain_advance_state",0,0,0,0,0,0,0,0
2098000,4,"plain_advance_state",0,0,0,0,0,0,0,0
2098000,5,"plain_advance_state",0,0,0,0,0,0,0,0
2098000,6,"plain_advance_state",0,0,0,0,0,0,0,0
2098000,7,"plain_advance_state",0,0,0,0,0,0,0,0
2098000,8,"plain_advance_state",0,0,0,0,0,0,0,0
2098000,9,"plain_advance_state",0,0,0,0,0,0,0,0
2098000,10,"plain_advance_state",0,0,0,0,0,0,0,0
2098000,11,"plain_advance_state",0,0,0,0,0,0,0,0
2098001,0,"hit_by_item",0,4001074,1,-81,-68,175,-3,1
2098001,1,"plain_advance_state",0,0,0,0,0,0,0,0
2099000,0,"hit_by_item",0,4000417,1,-1200,-90,902,32,1
2099000,1,"plain_advance_state",0,0,0,0,0,0,0,0
2111001,0,"hit_by_item",0,4001017,1,-183,-30,201,-12,1
2111001,1,"plain_advance_state",0,0,0,0,0,0,0,0
2112000,0,"plain_advance_state",0,0,0,0,0,0,0,1
2112000,1,"plain_advance_state",0,0,0,0,0,0,0,2
2112000,2,"plain_advance_state",0,0,0,0,0,0,0,3
2112000,3,"plain_advance_state",0,0,0,0,0,0,0,4
2112000,4,"plain_advance_state",0,0,0,0,0,0,0,0
2112007,0,"plain_advance_state",0,0,0,0,0,0,0,1
2112007,1,"plain_advance_state",0,0,0,0,0,0,0,2
2112007,2,"plain_advance_state",0,0,0,0,0,0,0,3
2112007,3,"plain_advance_state",0,0,0,0,0,0,0,4
2112007,4,"plain_advance_state",0,0,0,0,0,0,0,0
2112014,0,"hit_by_item",0,4001016,7,-78,-67,29,25,1
2112014,1,"plain_advance_state",0,0,0,0,0,0,0,0
2112015,0,"hit_by_item",0,4001109,1,-83,-86,83,13,1
2112015,1,"plain_advance_state",0,0,0,0,0,0,0,0
2112016,0,"plain_advance_state",0,0,0,0,0,0,0,1
2112016,1,"plain_advance_state",0,0,0,0,0,0,0,2
2112016,2,"plain_advance_state",0,0,0,0,0,0,0,3
2112016,3,"plain_advance_state",0,0,0,0,0,0,0,4
2112016,4,"plain_advance_state",0,0,0,0,0,0,0,0
2112017,0,"plain_advance_state",0,0,0,0,0,0,0,1
2112017,1,"plain_advance_state",0,0,0,0,0,0,0,2
2112017,2,"plain_advance_state",0,0,0,0,0,0,0,3
2112017,3,"plain_advance_state",0,0,0,0,0,0,0,4
2112017,4,"plain_advance_state",0,0,0,0,0,0,0,0
2118002,0,"plain_advance_state",0,0,0,0,0,0,0,0
2118002,1,"plain_advance_state",0,0,0,0,0,0,0,0
2119000,0,"hit_by_item",0,4000069,1,-51,-13,42,69,1
2119000,1,"plain_advance_state",0,0,0,0,0,0,0,2
2119000,2,"plain_advance_state",0,0,0,0,0,0,0,3
2119000,3,"plain_advance_state",0,0,0,0,0,0,0,4
2119000,4,"plain_advance_state",0,0,0,0,0,0,0,5
2119000,5,"plain_advance_state",0,0,0,0,0,0,0,0
2119004,0,"hit_by_item",0,4000052,1,-65,-38,13,8,1
2119004,1,"plain_advance_state",2310,0,0,0,0,0,0,0
2200000,0,"plain_advance_state",0,0,0,0,0,0,0,1
2200000,1,"plain_advance_state",0,0,0,0,0,0,0,0
2201002,0,"hit_by_item",0,4001156,1,-67,-16,38,7,1
2201002,1,"plain_advance_state",0,0,0,0,0,0,0,0
2201003,0,"hit_by_item",0,4001022,1,-67,-16,38,7,1
2201003,1,"plain_advance_state",0,0,0,0,0,0,0,0
2201004,0,"hit_by_item",0,4031179,1,53,-119,61,-84,1
2201004,1,"plain_advance_state",0,0,0,0,0,0,0,0
2202000,0,"plain_advance_state",0,0,0,0,0,0,0,1
2202000,1,"plain_advance_state",0,0,0,0,0,0,0,2
2202000,2,"plain_advance_state",0,0,0,0,0,0,0,0
2202001,0,"plain_advance_state",0,0,0,0,0,0,0,1
2202001,1,"plain_advance_state",0,0,0,0,0,0,0,2
2202001,2,"plain_advance_state",0,0,0,0,0,0,0,3
2202001,3,"plain_advance_state",0,0,0,0,0,0,0,4
2202001,4,"plain_advance_state",0,0,0,0,0,0,0,0
2202002,0,"plain_advance_state",0,0,0,0,0,0,0,1
2202002,1,"plain_advance_state",0,0,0,0,0,0,0,2
2202002,2,"plain_advance_state",0,0,0,0,0,0,0,3
2202002,3,"plain_advance_state",0,0,0,0,0,0,0,4
2202002,4,"plain_advance_state",0,0,0,0,0,0,0,0
2208001,0,"plain_advance_state",0,0,0,0,0,0,0,0
2208001,1,"plain_advance_state",0,0,0,0,0,0,0,0
2208002,0,"plain_advance_state",0,0,0,0,0,0,0,0
2208002,1,"plain_advance_state",0,0,0,0,0,0,0,0
2208003,0,"plain_advance_state",0,0,0,0,0,0,0,0
2208003,1,"plain_advance_state",0,0,0,0,0,0,0,0
2208004,0,"hit_by_item",0,1042003,1,-29,-81,-28,37,1
2208004,1,"hit_by_item",0,1042003,1,-28,-81,-29,37,1
2212000,0,"plain_advance_state",0,0,0,0,0,0,0,1
2212000,1,"plain_advance_state",0,0,0,0,0,0,0,2
2212000,2,"plain_advance_state",0,0,0,0,0,0,0,3
2212000,3,"plain_advance_state",0,0,0,0,0,0,0,4
2212000,4,"plain_advance_state",0,0,0,0,0,0,0,0
2212004,0,"plain_advance_state",0,0,0,0,0,0,0,1
2212004,1,"plain_advance_state",0,0,0,0,0,0,0,2
2212004,2,"plain_advance_state",0,0,0,0,0,0,0,3
2212004,3,"plain_advance_state",0,0,0,0,0,0,0,4
2212004,4,"plain_advance_state",0,0,0,0,0,0,0,0
2212005,0,"plain_advance_state",0,0,0,0,0,0,0,1
2212005,1,"plain_advance_state",0,0,0,0,0,0,0,2
2212005,2,"plain_advance_state",0,0,0,0,0,0,0,3
2212005,3,"plain_advance_state",0,0,0,0,0,0,0,4
2212005,4,"plain_advance_state",0,0,0,0,0,0,0,0
2221000,0,"hit_by_item",0,2022050,1,-49,-28,48,7,1
2221000,1,"plain_advance_state",0,0,0,0,0,0,0,0
2221001,0,"hit_by_item",0,2022052,1,-25,-39,31,8,1
2221001,1,"plain_advance_state",0,0,0,0,0,0,0,0
2221002,0,"hit_by_item",0,2022051,1,-18,-33,16,6,1
2221002,1,"plain_advance_state",0,0,0,0,0,0,0,0
2221003,0,"hit_by_item",0,4031244,1,-150,-48,155,41,1
2221003,1,"plain_advance_state",0,0,0,0,0,0,0,0
2221004,0,"hit_by_item",0,4031245,1,-220,-45,223,57,1
2221004,1,"plain_advance_state",0,0,0,0,0,0,0,0
2222000,0,"plain_advance_state",0,0,0,0,0,0,0,1
2222000,1,"plain_advance_state",0,0,0,0,0,0,0,2
2222000,2,"plain_advance_state",0,0,0,0,0,0,0,3
2222000,3,"plain_advance_state",0,0,0,0,0,0,0,4
2222000,4,"plain_advance_state",0,0,0,0,0,0,0,0
2222001,0,"plain_advance_state",0,0,0,0,0,0,0,1
2222001,1,"plain_advance_state",0,0,0,0,0,0,0,2
2222001,2,"plain_advance_state",0,0,0,0,0,0,0,3
2222001,3,"plain_advance_state",0,0,0,0,0,0,0,4
2222001,4,"plain_advance_state",0,0,0,0,0,0,0,0
2222002,0,"plain_advance_state",0,0,0,0,0,0,0,1
2222002,1,"plain_advance_state",0,0,0,0,0,0,0,2
2222002,2,"plain_advance_state",0,0,0,0,0,0,0,0
2229009,0,"hit_by_item",0,4000172,1,-54,-83,85,5,1
2229009,1,"plain_advance_state",20000,0,0,0,0,0,0,0
2292001,0,"hit_from_right",0,0,0,0,0,0,0,1
2292001,1,"hit_from_right",0,0,0,0,0,0,0,1
2292001,2,"hit_from_right",0,0,0,0,0,0,0,3
2292001,3,"hit_from_right",0,0,0,0,0,0,0,3
2292001,4,"hit_from_right",0,0,0,0,0,0,0,5
2292001,5,"hit_from_right",0,0,0,0,0,0,0,5
2292001,6,"hit_from_right",0,0,0,0,0,0,0,7
2292001,7,"hit_from_right",0,0,0,0,0,0,0,7
2292001,8,"hit_from_right",0,0,0,0,0,0,0,9
2292001,9,"hit_from_right",0,0,0,0,0,0,0,9
2292001,10,"hit_from_right",0,0,0,0,0,0,0,11
2292001,11,"hit_from_right",0,0,0,0,0,0,0,11
2292001,12,"hit_from_right",0,0,0,0,0,0,0,13
2292001,13,"hit_from_right",0,0,0,0,0,0,0,13
2292001,14,"hit_from_right",0,0,0,0,0,0,0,15
2292001,15,"hit_from_right",0,0,0,0,0,0,0,15
2292001,16,"plain_advance_state",0,0,0,0,0,0,0,0
2292002,0,"hit_from_left",0,0,0,0,0,0,0,1
2292002,1,"hit_from_left",0,0,0,0,0,0,0,1
2292002,2,"hit_from_left",0,0,0,0,0,0,0,3
2292002,3,"hit_from_left",0,0,0,0,0,0,0,3
2292002,4,"hit_from_left",0,0,0,0,0,0,0,5
2292002,5,"hit_from_left",0,0,0,0,0,0,0,5
2292002,6,"hit_from_left",0,0,0,0,0,0,0,7
2292002,7,"hit_from_left",0,0,0,0,0,0,0,7
2292002,8,"hit_from_left",0,0,0,0,0,0,0,9
2292002,9,"hit_from_left",0,0,0,0,0,0,0,9
2292002,10,"hit_from_left",0,0,0,0,0,0,0,11
2292002,11,"hit_from_left",0,0,0,0,0,0,0,11
2292002,12,"hit_from_left",0,0,0,0,0,0,0,13
2292002,13,"hit_from_left",0,0,0,0,0,0,0,13
2292002,14,"hit_from_left",0,0,0,0,0,0,0,15
2292002,15,"hit_from_left",0,0,0,0,0,0,0,15
2292002,16,"plain_advance_state",0,0,0,0,0,0,0,0
2292003,0,"plain_advance_state",0,0,0,0,0,0,0,1
2292003,1,"plain_advance_state",0,0,0,0,0,0,0,2
2292003,2,"plain_advance_state",0,0,0,0,0,0,0,3
2292003,3,"plain_advance_state",0,0,0,0,0,0,0,4
2292003,4,"plain_advance_state",0,0,0,0,0,0,0,5
2292003,5,"plain_advance_state",0,0,0,0,0,0,0,6
2292003,6,"plain_advance_state",0,0,0,0,0,0,0,7
2292003,7,"plain_advance_state",0,0,0,0,0,0,0,8
2292003,8,"plain_advance_state",0,0,0,0,0,0,0,0
2292004,0,"hit_from_right",0,0,0,0,0,0,0,1
2292004,1,"hit_from_right",0,0,0,0,0,0,0,1
2292004,2,"hit_from_right",0,0,0,0,0,0,0,3
2292004,3,"hit_from_right",0,0,0,0,0,0,0,3
2292004,4,"hit_from_right",0,0,0,0,0,0,0,5
2292004,5,"hit_from_right",0,0,0,0,0,0,0,5
2292004,6,"hit_from_right",0,0,0,0,0,0,0,7
2292004,7,"hit_from_right",0,0,0,0,0,0,0,7
2292004,8,"hit_from_right",0,0,0,0,0,0,0,9
2292004,9,"hit_from_right",0,0,0,0,0,0,0,9
2292004,10,"hit_from_right",0,0,0,0,0,0,0,11
2292004,11,"hit_from_right",0,0,0,0,0,0,0,11
2292004,12,"hit_from_right",0,0,0,0,0,0,0,13
2292004,13,"hit_from_right",0,0,0,0,0,0,0,13
2292004,14,"hit_from_right",0,0,0,0,0,0,0,15
2292004,15,"hit_from_right",0,0,0,0,0,0,0,15
2292004,16,"plain_advance_state",0,0,0,0,0,0,0,0
2292005,0,"plain_advance_state",0,0,0,0,0,0,0,1
2292005,1,"plain_advance_state",0,0,0,0,0,0,0,2
2292005,2,"plain_advance_state",0,0,0,0,0,0,0,3
2292005,3,"plain_advance_state",0,0,0,0,0,0,0,4
2292005,4,"plain_advance_state",0,0,0,0,0,0,0,5
2292005,5,"plain_advance_state",0,0,0,0,0,0,0,6
2292005,6,"plain_advance_state",0,0,0,0,0,0,0,7
2292005,7,"plain_advance_state",0,0,0,0,0,0,0,8
2292005,8,"plain_advance_state",0,0,0,0,0,0,0,0
2292006,0,"hit_from_left",0,0,0,0,0,0,0,1
2292006,1,"hit_from_left",0,0,0,0,0,0,0,1
2292006,2,"hit_from_left",0,0,0,0,0,0,0,3
2292006,3,"hit_from_left",0,0,0,0,0,0,0,3
2292006,4,"hit_from_left",0,0,0,0,0,0,0,5
2292006,5,"hit_from_left",0,0,0,0,0,0,0,5
2292006,6,"hit_from_left",0,0,0,0,0,0,0,7
2292006,7,"hit_from_left",0,0,0,0,0,0,0,7
2292006,8,"hit_from_left",0,0,0,0,0,0,0,9
2292006,9,"hit_from_left",0,0,0,0,0,0,0,9
2292006,10,"hit_from_left",0,0,0,0,0,0,0,11
2292006,11,"hit_from_left",0,0,0,0,0,0,0,11
2292006,12,"hit_from_left",0,0,0,0,0,0,0,13
2292006,13,"hit_from_left",0,0,0,0,0,0,0,13
2292006,14,"hit_from_left",0,0,0,0,0,0,0,15
2292006,15,"hit_from_left",0,0,0,0,0,0,0,15
2292006,16,"plain_advance_state",0,0,0,0,0,0,0,0
2298001,0,"plain_advance_state",0,0,0,0,0,0,0,0
2298001,1,"plain_advance_state",0,0,0,0,0,0,0,0
2298001,2,"plain_advance_state",0,0,0,0,0,0,0,0
2298001,3,"plain_advance_state",0,0,0,0,0,0,0,0
2298001,4,"plain_advance_state",0,0,0,0,0,0,0,0
2298001,5,"plain_advance_state",0,0,0,0,0,0,0,0
2298001,6,"plain_advance_state",0,0,0,0,0,0,0,0
2298002,0,"plain_advance_state",0,0,0,0,0,0,0,1
2298002,1,"plain_advance_state",0,0,0,0,0,0,0,2
2298002,2,"plain_advance_state",0,0,0,0,0,0,0,3
2298002,3,"plain_advance_state",0,0,0,0,0,0,0,4
2298002,4,"plain_advance_state",0,0,0,0,0,0,0,0
2302000,0,"plain_advance_state",0,0,0,0,0,0,0,1
2302000,1,"plain_advance_state",0,0,0,0,0,0,0,2
2302000,2,"plain_advance_state",0,0,0,0,0,0,0,3
2302000,3,"plain_advance_state",0,0,0,0,0,0,0,4
2302000,4,"plain_advance_state",0,0,0,0,0,0,0,0
2302001,0,"plain_advance_state",0,0,0,0,0,0,0,1
2302001,1,"plain_advance_state",0,0,0,0,0,0,0,2
2302001,2,"plain_advance_state",0,0,0,0,0,0,0,3
2302001,3,"plain_advance_state",0,0,0,0,0,0,0,4
2302001,4,"plain_advance_state",0,0,0,0,0,0,0,5
2302001,5,"plain_advance_state",0,0,0,0,0,0,0,0
2302002,0,"plain_advance_state",0,0,0,0,0,0,0,1
2302002,1,"plain_advance_state",0,0,0,0,0,0,0,2
2302002,2,"plain_advance_state",0,0,0,0,0,0,0,3
2302002,3,"plain_advance_state",0,0,0,0,0,0,0,4
2302002,4,"plain_advance_state",0,0,0,0,0,0,0,0
2302003,0,"hit_by_item",0,4001108,1,-44,-111,43,-69,1
2302003,1,"hit_by_item",0,4001107,1,-44,-111,43,-69,2
2302003,2,"plain_advance_state",0,0,0,0,0,0,0,0
2308000,0,"plain_advance_state",0,0,0,0,0,0,0,0
2308000,1,"plain_advance_state",0,0,0,0,0,0,0,1
2309000,0,"plain_advance_state",0,0,0,0,0,0,0,1
2309000,1,"plain_advance_state",3000,0,0,0,0,0,0,0
2401000,0,"plain_advance_state",0,0,0,0,0,0,0,1
2401000,1,"plain_advance_state",0,0,0,0,0,0,0,2
2401000,2,"plain_advance_state",0,0,0,0,0,0,0,3
2401000,3,"plain_advance_state",0,0,0,0,0,0,0,4
2401000,4,"plain_advance_state",0,0,0,0,0,0,0,5
2401000,5,"plain_advance_state",0,0,0,0,0,0,0,6
2401000,6,"plain_advance_state",0,0,0,0,0,0,0,0
2401001,0,"hit_by_item",0,4001113,1,-46,-32,46,56,1
2401001,1,"plain_advance_state",0,0,0,0,0,0,0,2
2401001,2,"plain_advance_state",0,0,0,0,0,0,0,3
2401001,3,"plain_advance_state",0,0,0,0,0,0,0,4
2401001,4,"plain_advance_state",0,0,0,0,0,0,0,0
2401002,0,"hit_by_item",0,4001114,1,-46,-32,46,56,1
2401002,1,"plain_advance_state",0,0,0,0,0,0,0,2
2401002,2,"plain_advance_state",0,0,0,0,0,0,0,3
2401002,3,"plain_advance_state",0,0,0,0,0,0,0,4
2401002,4,"plain_advance_state",0,0,0,0,0,0,0,0
2402000,0,"plain_advance_state",0,0,0,0,0,0,0,1
2402000,1,"plain_advance_state",0,0,0,0,0,0,0,2
2402000,2,"plain_advance_state",0,0,0,0,0,0,0,3
2402000,3,"plain_advance_state",0,0,0,0,0,0,0,4
2402000,4,"plain_advance_state",0,0,0,0,0,0,0,0
2402001,0,"plain_advance_state",0,0,0,0,0,0,0,1
2402001,1,"plain_advance_state",0,0,0,0,0,0,0,2
2402001,2,"plain_advance_state",0,0,0,0,0,0,0,3
2402001,3,"plain_advance_state",0,0,0,0,0,0,0,4
2402001,4,"plain_advance_state",0,0,0,0,0,0,0,0
2402002,0,"plain_advance_state",0,0,0,0,0,0,0,0
2402002,1,"plain_advance_state",0,0,0,0,0,0,0,0
2402003,0,"plain_advance_state",0,0,0,0,0,0,0,0
2402003,1,"plain_advance_state",0,0,0,0,0,0,0,0
2402004,0,"plain_advance_state",0,0,0,0,0,0,0,0
2402004,1,"plain_advance_state",0,0,0,0,0,0,0,0
2402005,0,"plain_advance_state",0,0,0,0,0,0,0,0
2402005,1,"plain_advance_state",0,0,0,0,0,0,0,0
2402007,0,"plain_advance_state",0,0,0,0,0,0,0,1
2402007,1,"plain_advance_state",0,0,0,0,0,0,0,2
2402007,2,"plain_advance_state",0,0,0,0,0,0,0,3
2402007,3,"plain_advance_state",0,0,0,0,0,0,0,4
2402007,4,"plain_advance_state",10000,0,0,0,0,0,0,0
2402008,0,"plain_advance_state",0,0,0,0,0,0,0,1
2402008,1,"plain_advance_state",0,0,0,0,0,0,0,2
2402008,2,"plain_advance_state",0,0,0,0,0,0,0,3
2402008,3,"plain_advance_state",0,0,0,0,0,0,0,4
2402008,4,"plain_advance_state",10000,0,0,0,0,0,0,0
2406000,0,"plain_advance_state",0,0,0,0,0,0,0,0
2406000,1,"plain_advance_state",0,0,0,0,0,0,0,2
2406000,2,"plain_advance_state",0,0,0,0,0,0,0,0
2408000,0,"hit_by_item",0,1002000,100,-1,-1,1,1,0
2408000,1,"hit_by_item",0,1002000,100,-1,-1,1,1,1
2408001,0,"plain_advance_state",0,0,0,0,0,0,0,1
2408001,1,"plain_advance_state",0,0,0,0,0,0,0,2
2408001,2,"plain_advance_state",0,0,0,0,0,0,0,3
2408001,3,"plain_advance_state",0,0,0,0,0,0,0,0
2408002,0,"hit_by_item",0,4001091,1,-89,-100,88,102,1
2408002,1,"plain_advance_state",0,0,0,0,0,0,0,0
2408004,0,"plain_advance_state",0,0,0,0,0,0,0,0
2408004,1,"plain_advance_state",0,0,0,0,0,0,0,0
2502000,0,"plain_advance_state",0,0,0,0,0,0,0,1
2502000,1,"plain_advance_state",0,0,0,0,0,0,0,2
2502000,2,"plain_advance_state",0,0,0,0,0,0,0,3
2502000,3,"plain_advance_state",0,0,0,0,0,0,0,4
2502000,4,"plain_advance_state",0,0,0,0,0,0,0,0
2502001,0,"plain_advance_state",0,0,0,0,0,0,0,1
2502001,1,"plain_advance_state",0,0,0,0,0,0,0,2
2502001,2,"plain_advance_state",0,0,0,0,0,0,0,3
2502001,3,"plain_advance_state",0,0,0,0,0,0,0,4
2502001,4,"plain_advance_state",0,0,0,0,0,0,0,0
2502002,0,"hit_by_item",0,2022116,1,-43,-74,57,4,1
2502002,1,"hit_by_item",2000,4031700,1,-3,-237,-2,-236,0
2502002,2,"plain_advance_state",0,0,0,0,0,0,0,0
2508000,0,"plain_advance_state",0,0,0,0,0,0,0,0
2508000,1,"plain_advance_state",0,0,0,0,0,0,0,0
2511000,0,"plain_advance_state",0,0,0,0,0,0,0,1
2511000,1,"plain_advance_state",0,0,0,0,0,0,0,2
2511000,2,"plain_advance_state",0,0,0,0,0,0,0,3
2511000,3,"plain_advance_state",0,0,0,0,0,0,0,4
2511000,4,"plain_advance_state",0,0,0,0,0,0,0,0
2512001,0,"plain_advance_state",0,0,0,0,0,0,0,0
2512001,1,"hit_by_item",0,4031437,1,-69,-50,7,8,2
2512001,2,"plain_advance_state",0,0,0,0,0,0,0,0
2516000,0,"hit_by_item",0,4001123,1,-612,-32,613,32,1
2516000,1,"plain_advance_state",0,0,0,0,0,0,0,0
2518000,0,"hit_by_item",0,4001074,1,-612,-32,613,32,1
2518000,1,"plain_advance_state",0,0,0,0,0,0,0,0
2519000,0,"hit_by_item",0,4001117,1,-27,-21,31,7,1
2519000,1,"plain_advance_state",0,0,0,0,0,0,0,0
2519001,0,"hit_by_item",0,4001117,1,-27,-21,31,7,1
2519001,1,"plain_advance_state",0,0,0,0,0,0,0,0
2612000,0,"hit_by_item",0,4000361,1,-35,-49,46,12,1
2612000,1,"plain_advance_state",0,0,0,0,0,0,0,2
2612000,2,"plain_advance_state",0,0,0,0,0,0,0,3
2612000,3,"plain_advance_state",0,0,0,0,0,0,0,4
2612000,4,"plain_advance_state",0,0,0,0,0,0,0,5
2612000,5,"plain_advance_state",0,0,0,0,0,0,0,6
2612000,6,"plain_advance_state",0,0,0,0,0,0,0,7
2612000,7,"plain_advance_state",0,0,0,0,0,0,0,0
2612001,0,"plain_advance_state",0,0,0,0,0,0,0,1
2612001,1,"plain_advance_state",0,0,0,0,0,0,0,2
2612001,2,"plain_advance_state",0,0,0,0,0,0,0,3
2612001,3,"plain_advance_state",0,0,0,0,0,0,0,4
2612001,4,"plain_advance_state",0,0,0,0,0,0,0,0
2612004,0,"hit_by_item",0,4031705,1,-43,-246,41,5,1
2612004,1,"hit_by_item",2000,4031700,1,-3,-237,-2,-236,0
2612004,2,"plain_advance_state",0,0,0,0,0,0,0,0
2612005,0,"hit_by_item",0,4031780,1,-35,-2,37,50,1
2612005,1,"hit_by_item",0,4031781,1,-35,-2,37,50,2
2612005,2,"hit_by_item",0,4031782,1,-35,-2,37,50,3
2612005,3,"hit_by_item",0,4031783,1,-35,-2,37,50,4
2612005,4,"hit_by_item",0,4031784,1,-35,-2,37,50,5
2612005,5,"plain_advance_state",1000,0,0,0,0,0,0,0
2612006,0,"plain_advance_state",0,0,0,0,0,0,0,1
2612006,1,"plain_advance_state",0,0,0,0,0,0,0,2
2612006,2,"plain_advance_state",0,0,0,0,0,0,0,3
2612006,3,"plain_advance_state",0,0,0,0,0,0,0,4
2612006,4,"plain_advance_state",0,0,0,0,0,0,0,5
2612006,5,"plain_advance_state",0,0,0,0,0,0,0,6
2612006,6,"plain_advance_state",0,0,0,0,0,0,0,0
2612007,0,"plain_advance_state",0,0,0,0,0,0,0,1
2612007,1,"plain_advance_state",0,0,0,0,0,0,0,2
2612007,2,"plain_advance_state",0,0,0,0,0,0,0,3
2612007,3,"plain_advance_state",0,0,0,0,0,0,0,4
2612007,4,"plain_advance_state",0,0,0,0,0,0,0,5
2612007,5,"plain_advance_state",0,0,0,0,0,0,0,6
2612007,6,"plain_advance_state",0,0,0,0,0,0,0,0
2618000,0,"hit_by_item",0,4001132,1,-26,-24,24,9,1
2618000,1,"hit_by_item",9500,4001132,1,-26,-24,24,9,0
2618000,2,"hit_by_item",9500,4001132,1,-26,-24,24,9,1
2618000,3,"hit_by_item",9500,4001132,1,-26,-24,24,9,2
2618000,4,"hit_by_item",9500,4001132,1,-26,-24,24,9,3
2618000,5,"hit_by_item",9500,4001132,1,-26,-24,24,9,4
2618000,6,"hit_by_item",9500,4001132,1,-26,-24,24,9,5
2618000,7,"hit_by_item",0,1002140,0,-26,-24,24,9,0
2618001,0,"hit_by_item",0,4001133,1,-32,-16,25,9,1
2618001,1,"plain_advance_state",2000,0,0,0,0,0,0,0
2618002,0,"hit_by_item",0,4001133,1,-26,-16,32,9,1
2618002,1,"plain_advance_state",2000,0,0,0,0,0,0,0
2618003,0,"plain_advance_state",0,0,0,0,0,0,0,0
2618003,1,"plain_advance_state",2000,0,0,0,0,0,0,0
2618004,0,"plain_advance_state",0,0,0,0,0,0,0,0
2618004,1,"plain_advance_state",2000,0,0,0,0,0,0,0
2618005,0,"plain_advance_state",0,0,0,0,0,0,0,0
2618005,1,"plain_advance_state",0,0,0,0,0,0,0,0
2618006,0,"plain_advance_state",0,0,0,0,0,0,0,0
2618006,1,"plain_advance_state",0,0,0,0,0,0,0,0
2618006,2,"plain_advance_state",0,0,0,0,0,0,0,0
2618006,3,"plain_advance_state",0,0,0,0,0,0,0,0
2618007,0,"plain_advance_state",0,0,0,0,0,0,0,0
2618007,1,"plain_advance_state",5000,0,0,0,0,0,0,0
2619000,0,"hit_by_item",0,4031698,1,-86,-240,98,6,1
2619000,1,"hit_by_item",3000,4031698,1,-24,-108,-15,-100,0
2619000,2,"plain_advance_state",0,0,0,0,0,0,0,0
2619001,0,"hit_by_item",0,4001123,1,-912,-32,889,32,1
2619001,1,"plain_advance_state",0,0,0,0,0,0,0,0
2619002,0,"hit_by_item",0,4001123,1,-912,-32,889,32,1
2619002,1,"plain_advance_state",0,0,0,0,0,0,0,0
2619003,0,"plain_advance_state",0,0,0,0,0,0,0,1
2619003,1,"plain_advance_state",0,0,0,0,0,0,0,2
2619003,2,"plain_advance_state",0,0,0,0,0,0,0,3
2619003,3,"plain_advance_state",0,0,0,0,0,0,0,4
2619003,4,"plain_advance_state",0,0,0,0,0,0,0,5
2619003,5,"plain_advance_state",20000,0,0,0,0,0,0,0
2708000,0,"hit_by_item",0,4001193,1,-96,-126,100,7,1
2708000,1,"plain_advance_state",7200000,0,0,0,0,0,0,0
2709000,0,"plain_advance_state",300000,0,0,0,0,0,0,1
2709000,1,"plain_advance_state",300000,0,0,0,0,0,0,2
2709000,2,"plain_advance_state",300000,0,0,0,0,0,0,3
2709000,3,"plain_advance_state",300000,0,0,0,0,0,0,4
2709000,4,"plain_advance_state",300000,0,0,0,0,0,0,5
2709000,5,"plain_advance_state",300000,0,0,0,0,0,0,6
2709000,6,"plain_advance_state",300000,0,0,0,0,0,0,7
2709000,7,"plain_advance_state",300000,0,0,0,0,0,0,8
2709000,8,"plain_advance_state",300000,0,0,0,0,0,0,9
2709000,9,"plain_advance_state",300000,0,0,0,0,0,0,10
2709000,10,"plain_advance_state",30000000,0,0,0,0,0,0,0
3001000,0,"hit_by_item",0,4001163,1,-91,159,83,229,1
3001000,1,"plain_advance_state",0,0,0,0,0,0,0,0
3002000,0,"hit_by_item",0,4001161,1,-102,-51,100,30,1
3002000,1,"plain_advance_state",2000,0,0,0,0,0,0,0
3002001,0,"plain_advance_state",0,0,0,0,0,0,0,1
3002001,1,"plain_advance_state",0,0,0,0,0,0,0,2
3002001,2,"plain_advance_state",0,0,0,0,0,0,0,3
3002001,3,"plain_advance_state",0,0,0,0,0,0,0,4
3002001,4,"plain_advance_state",0,0,0,0,0,0,0,0
3002002,0,"plain_advance_state",0,0,0,0,0,0,0,1
3002002,1,"plain_advance_state",0,0,0,0,0,0,0,2
3002002,2,"plain_advance_state",0,0,0,0,0,0,0,3
3002002,3,"plain_advance_state",0,0,0,0,0,0,0,4
3002002,4,"plain_advance_state",0,0,0,0,0,0,0,0
3008000,0,"hit_by_item",0,4001164,1,-117,-145,176,30,1
3008000,1,"plain_advance_state",3000,0,0,0,0,0,0,2
3008000,2,"plain_advance_state",300000,0,0,0,0,0,0,3
3008000,3,"plain_advance_state",5000,0,0,0,0,0,0,0
3009000,0,"hit_by_item",0,4001162,1,-71,-86,70,91,1
3009000,1,"hit_by_item",0,4001162,1,-71,-86,70,91,2
3009000,2,"hit_by_item",0,4001162,1,-71,-86,70,91,3
3009000,3,"hit_by_item",0,4001162,1,-71,-86,70,91,4
3009000,4,"plain_advance_state",0,0,0,0,0,0,0,0
5411000,0,"hit_by_item",0,4000381,1,-30,-30,30,30,1
5411000,1,"plain_advance_state",0,0,0,0,0,0,0,0
5511000,0,"hit_by_item",0,4032246,1,-45,-37,81,10,1
5511000,1,"plain_advance_state",0,0,0,0,0,0,0,0
5511001,0,"hit_by_item",0,4032246,1,-50,-34,78,9,1
5511001,1,"plain_advance_state",0,0,0,0,0,0,0,0
6102001,0,"plain_advance_state",0,0,0,0,0,0,0,1
6102001,1,"plain_advance_state",0,0,0,0,0,0,0,2
6102001,2,"plain_advance_state",0,0,0,0,0,0,0,3
6102001,3,"plain_advance_state",0,0,0,0,0,0,0,4
6102001,4,"plain_advance_state",0,0,0,0,0,0,0,0
6102002,0,"plain_advance_state",0,0,0,0,0,0,0,1
6102002,1,"plain_advance_state",0,0,0,0,0,0,0,2
6102002,2,"plain_advance_state",0,0,0,0,0,0,0,3
6102002,3,"plain_advance_state",0,0,0,0,0,0,0,4
6102002,4,"plain_advance_state",0,0,0,0,0,0,0,5
6102002,5,"plain_advance_state",0,0,0,0,0,0,0,0
6102003,0,"plain_advance_state",0,0,0,0,0,0,0,1
6102003,1,"plain_advance_state",0,0,0,0,0,0,0,2
6102003,2,"plain_advance_state",0,0,0,0,0,0,0,3
6102003,3,"plain_advance_state",0,0,0,0,0,0,0,4
6102003,4,"plain_advance_state",0,0,0,0,0,0,0,5
6102003,5,"plain_advance_state",0,0,0,0,0,0,0,0
6102004,0,"plain_advance_state",0,0,0,0,0,0,0,1
6102004,1,"plain_advance_state",0,0,0,0,0,0,0,2
6102004,2,"plain_advance_state",0,0,0,0,0,0,0,3
6102004,3,"plain_advance_state",0,0,0,0,0,0,0,4
6102004,4,"plain_advance_state",0,0,0,0,0,0,0,5
6102004,5,"plain_advance_state",0,0,0,0,0,0,0,0
6102005,0,"plain_advance_state",0,0,0,0,0,0,0,1
6102005,1,"plain_advance_state",0,0,0,0,0,0,0,2
6102005,2,"plain_advance_state",0,0,0,0,0,0,0,3
6102005,3,"plain_advance_state",0,0,0,0,0,0,0,4
6102005,4,"plain_advance_state",0,0,0,0,0,0,0,5
6102005,5,"plain_advance_state",0,0,0,0,0,0,0,0
6108000,0,"plain_advance_state",0,0,0,0,0,0,0,0
6108000,1,"plain_advance_state",0,0,0,0,0,0,0,2
6108000,2,"plain_advance_state",0,0,0,0,0,0,0,0
6108001,0,"plain_advance_state",0,0,0,0,0,0,0,0
6108001,1,"plain_advance_state",0,0,0,0,0,0,0,2
6108001,2,"plain_advance_state",0,0,0,0,0,0,0,0
6108003,0,"plain_advance_state",0,0,0,0,0,0,0,1
6108003,1,"plain_advance_state",0,0,0,0,0,0,0,2
6108003,2,"plain_advance_state",0,0,0,0,0,0,0,3
6108003,3,"plain_advance_state",0,0,0,0,0,0,0,4
6108003,4,"plain_advance_state",0,0,0,0,0,0,0,0
6108004,0,"plain_advance_state",0,0,0,0,0,0,0,1
6108004,1,"plain_advance_state",0,0,0,0,0,0,0,0
6108005,0,"plain_advance_state",0,0,0,0,0,0,0,0
6108005,1,"plain_advance_state",0,0,0,0,0,0,0,2
6108005,2,"plain_advance_state",0,0,0,0,0,0,0,0
6109000,0,"hit_by_skill",0,0,0,-125,-19,123,122,1
6109000,1,"plain_advance_state",0,0,0,0,0,0,0,0
6109001,0,"hit_by_skill",0,0,0,-125,-19,123,122,1
6109001,1,"plain_advance_state",0,0,0,0,0,0,0,0
6109002,0,"hit_by_skill",0,0,0,-125,-19,123,122,1
6109002,1,"plain_advance_state",0,0,0,0,0,0,0,0
6109003,0,"hit_by_skill",0,0,0,-125,-19,123,122,1
6109003,1,"plain_advance_state",0,0,0,0,0,0,0,0
6109004,0,"hit_by_skill",0,0,0,-125,-19,123,122,1
6109004,1,"plain_advance_state",0,0,0,0,0,0,0,0
6109005,0,"hit_by_item",0,4001259,1,312,112,512,323,1
6109005,1,"plain_advance_state",0,0,0,0,0,0,0,0
6109006,0,"hit_by_item",0,4001258,1,31,-172,195,-35,1
6109006,1,"plain_advance_state",0,0,0,0,0,0,0,0
6109007,0,"hit_by_item",0,4001257,1,1,-177,200,-49,1
6109007,1,"plain_advance_state",0,0,0,0,0,0,0,0
6109008,0,"hit_by_item",0,4001256,1,11,-192,202,-25,1
6109008,1,"plain_advance_state",0,0,0,0,0,0,0,0
6109009,0,"hit_by_item",0,4001260,1,-31,-123,183,-22,1
6109009,1,"plain_advance_state",0,0,0,0,0,0,0,0
6109010,0,"hit_by_item",0,4000488,1,-133,-17,128,15,1
6109010,1,"hit_by_item",0,4000488,1,-133,-17,128,15,2
6109010,2,"hit_by_item",0,4000488,1,-133,-17,128,15,3
6109010,3,"hit_by_item",0,4000488,1,-133,-17,128,15,4
6109010,4,"hit_by_item",0,4000488,1,-133,-17,128,15,5
6109010,5,"hit_by_item",0,4000488,1,-133,-17,128,15,6
6109010,6,"hit_by_item",0,4000488,1,-133,-17,128,15,7
6109010,7,"hit_by_item",0,4000488,1,-133,-17,128,15,8
6109010,8,"hit_by_item",0,4000488,1,-133,-17,128,15,9
6109010,9,"hit_by_item",0,4000488,1,-133,-17,128,15,10
6109010,10,"hit_by_item",0,4000488,1,-133,-17,128,15,11
6109010,11,"plain_advance_state",0,0,0,0,0,0,0,0
6109011,0,"hit_by_item",0,4000488,1,-49,-15,56,18,1
6109011,1,"hit_by_item",0,4000488,1,-49,-15,56,18,2
6109011,2,"hit_by_item",0,4000488,1,-49,-15,56,18,1
6109013,0,"no_clue",0,0,0,0,0,0,0,1
6109013,1,"no_clue2",0,0,0,0,0,0,0,0
6109014,0,"no_clue",0,0,0,0,0,0,0,1
6109014,1,"no_clue2",0,0,0,0,0,0,0,0
6109016,0,"plain_advance_state",0,0,0,0,0,0,0,0
6109016,1,"hit_by_skill",0,0,0,-125,-19,123,122,2
6109016,2,"plain_advance_state",0,0,0,0,0,0,0,0
6109017,0,"plain_advance_state",0,0,0,0,0,0,0,0
6109017,1,"hit_by_skill",0,0,0,-125,-19,123,122,2
6109017,2,"plain_advance_state",0,0,0,0,0,0,0,0
6109018,0,"plain_advance_state",0,0,0,0,0,0,0,0
6109018,1,"hit_by_skill",0,0,0,-125,-19,123,122,2
6109018,2,"plain_advance_state",0,0,0,0,0,0,0,0
6109019,0,"plain_advance_state",0,0,0,0,0,0,0,0
6109019,1,"hit_by_skill",0,0,0,-125,-19,123,122,2
6109019,2,"plain_advance_state",0,0,0,0,0,0,0,0
6109020,0,"plain_advance_state",0,0,0,0,0,0,0,0
6109020,1,"hit_by_skill",0,0,0,-125,-19,123,122,2
6109020,2,"plain_advance_state",0,0,0,0,0,0,0,0
6109021,0,"no_clue",0,0,0,0,0,0,0,1
6109021,1,"no_clue2",0,0,0,0,0,0,0,0
6109022,0,"no_clue",0,0,0,0,0,0,0,1
6109022,1,"no_clue2",0,0,0,0,0,0,0,0
6109023,0,"no_clue",0,0,0,0,0,0,0,1
6109023,1,"no_clue2",0,0,0,0,0,0,0,0
6109024,0,"no_clue",0,0,0,0,0,0,0,1
6109024,1,"no_clue2",0,0,0,0,0,0,0,0
6109025,0,"no_clue",0,0,0,0,0,0,0,1
6109025,1,"no_clue2",0,0,0,0,0,0,0,0
6109026,0,"no_clue",0,0,0,0,0,0,0,1
6109026,1,"no_clue2",0,0,0,0,0,0,0,0
6109027,0,"no_clue",0,0,0,0,0,0,0,1
6109027,1,"no_clue2",0,0,0,0,0,0,0,0
6701000,0,"plain_advance_state",0,0,0,0,0,0,0,1
6701000,1,"plain_advance_state",0,0,0,0,0,0,0,2
6701000,2,"plain_advance_state",0,0,0,0,0,0,0,3
6701000,3,"plain_advance_state",0,0,0,0,0,0,0,4
6701000,4,"plain_advance_state",0,0,0,0,0,0,0,0
6701001,0,"plain_advance_state",0,0,0,0,0,0,0,1
6701001,1,"plain_advance_state",0,0,0,0,0,0,0,2
6701001,2,"plain_advance_state",0,0,0,0,0,0,0,3
6701001,3,"plain_advance_state",0,0,0,0,0,0,0,4
6701001,4,"plain_advance_state",0,0,0,0,0,0,0,0
6701002,0,"plain_advance_state",0,0,0,0,0,0,0,1
6701002,1,"plain_advance_state",0,0,0,0,0,0,0,2
6701002,2,"plain_advance_state",0,0,0,0,0,0,0,3
6701002,3,"plain_advance_state",0,0,0,0,0,0,0,4
6701002,4,"plain_advance_state",0,0,0,0,0,0,0,0
6702000,0,"hit_by_item",0,4031596,1,-144,-34,144,14,1
6702000,1,"plain_advance_state",0,0,0,0,0,0,0,0
6702001,0,"plain_advance_state",0,0,0,0,0,0,0,1
6702001,1,"plain_advance_state",0,0,0,0,0,0,0,2
6702001,2,"plain_advance_state",0,0,0,0,0,0,0,3
6702001,3,"plain_advance_state",0,0,0,0,0,0,0,4
6702001,4,"plain_advance_state",0,0,0,0,0,0,0,0
6702002,0,"plain_advance_state",0,0,0,0,0,0,0,1
6702002,1,"plain_advance_state",0,0,0,0,0,0,0,2
6702002,2,"plain_advance_state",0,0,0,0,0,0,0,3
6702002,3,"plain_advance_state",0,0,0,0,0,0,0,4
6702002,4,"plain_advance_state",0,0,0,0,0,0,0,0
6702003,0,"plain_advance_state",0,0,0,0,0,0,0,1
6702003,1,"plain_advance_state",0,0,0,0,0,0,0,2
6702003,2,"plain_advance_state",0,0,0,0,0,0,0,3
6702003,3,"plain_advance_state",0,0,0,0,0,0,0,4
6702003,4,"plain_advance_state",0,0,0,0,0,0,0,0
6702004,0,"plain_advance_state",0,0,0,0,0,0,0,1
6702004,1,"plain_advance_state",0,0,0,0,0,0,0,2
6702004,2,"plain_advance_state",0,0,0,0,0,0,0,3
6702004,3,"plain_advance_state",0,0,0,0,0,0,0,4
6702004,4,"plain_advance_state",0,0,0,0,0,0,0,0
6702005,0,"plain_advance_state",0,0,0,0,0,0,0,1
6702005,1,"plain_advance_state",0,0,0,0,0,0,0,2
6702005,2,"plain_advance_state",0,0,0,0,0,0,0,3
6702005,3,"plain_advance_state",0,0,0,0,0,0,0,4
6702005,4,"plain_advance_state",0,0,0,0,0,0,0,0
6702006,0,"plain_advance_state",0,0,0,0,0,0,0,1
6702006,1,"plain_advance_state",0,0,0,0,0,0,0,2
6702006,2,"plain_advance_state",0,0,0,0,0,0,0,3
6702006,3,"plain_advance_state",0,0,0,0,0,0,0,4
6702006,4,"plain_advance_state",0,0,0,0,0,0,0,0
6702007,0,"plain_advance_state",0,0,0,0,0,0,0,1
6702007,1,"plain_advance_state",0,0,0,0,0,0,0,2
6702007,2,"plain_advance_state",0,0,0,0,0,0,0,3
6702007,3,"plain_advance_state",0,0,0,0,0,0,0,4
6702007,4,"plain_advance_state",0,0,0,0,0,0,0,0
6702008,0,"plain_advance_state",0,0,0,0,0,0,0,1
6702008,1,"plain_advance_state",0,0,0,0,0,0,0,2
6702008,2,"plain_advance_state",0,0,0,0,0,0,0,3
6702008,3,"plain_advance_state",0,0,0,0,0,0,0,4
6702008,4,"plain_advance_state",0,0,0,0,0,0,0,0
6702009,0,"plain_advance_state",0,0,0,0,0,0,0,1
6702009,1,"plain_advance_state",0,0,0,0,0,0,0,2
6702009,2,"plain_advance_state",0,0,0,0,0,0,0,3
6702009,3,"plain_advance_state",0,0,0,0,0,0,0,4
6702009,4,"plain_advance_state",0,0,0,0,0,0,0,0
6702010,0,"plain_advance_state",0,0,0,0,0,0,0,1
6702010,1,"plain_advance_state",0,0,0,0,0,0,0,2
6702010,2,"plain_advance_state",0,0,0,0,0,0,0,3
6702010,3,"plain_advance_state",0,0,0,0,0,0,0,4
6702010,4,"plain_advance_state",0,0,0,0,0,0,0,0
6702011,0,"plain_advance_state",0,0,0,0,0,0,0,1
6702011,1,"plain_advance_state",0,0,0,0,0,0,0,2
6702011,2,"plain_advance_state",0,0,0,0,0,0,0,3
6702011,3,"plain_advance_state",0,0,0,0,0,0,0,4
6702011,4,"plain_advance_state",0,0,0,0,0,0,0,0
6702012,0,"plain_advance_state",0,0,0,0,0,0,0,1
6702012,1,"plain_advance_state",0,0,0,0,0,0,0,2
6702012,2,"plain_advance_state",0,0,0,0,0,0,0,3
6702012,3,"plain_advance_state",0,0,0,0,0,0,0,4
6702012,4,"plain_advance_state",0,0,0,0,0,0,0,0
6742014,0,"plain_advance_state",0,0,0,0,0,0,0,1
6742014,1,"plain_advance_state",0,0,0,0,0,0,0,2
6742014,2,"plain_advance_state",0,0,0,0,0,0,0,3
6742014,3,"plain_advance_state",0,0,0,0,0,0,0,4
6742014,4,"plain_advance_state",0,0,0,0,0,0,0,5
6742014,5,"plain_advance_state",0,0,0,0,0,0,0,0
6802000,0,"plain_advance_state",0,0,0,0,0,0,0,1
6802000,1,"plain_advance_state",0,0,0,0,0,0,0,2
6802000,2,"plain_advance_state",0,0,0,0,0,0,0,3
6802000,3,"plain_advance_state",0,0,0,0,0,0,0,4
6802000,4,"plain_advance_state",0,0,0,0,0,0,0,0
6802001,0,"plain_advance_state",0,0,0,0,0,0,0,1
6802001,1,"plain_advance_state",0,0,0,0,0,0,0,2
6802001,2,"plain_advance_state",0,0,0,0,0,0,0,3
6802001,3,"plain_advance_state",0,0,0,0,0,0,0,4
6802001,4,"plain_advance_state",0,0,0,0,0,0,0,0
6822000,0,"plain_advance_state",0,0,0,0,0,0,0,1
6822000,1,"plain_advance_state",0,0,0,0,0,0,0,2
6822000,2,"plain_advance_state",0,0,0,0,0,0,0,3
6822000,3,"plain_advance_state",0,0,0,0,0,0,0,4
6822000,4,"plain_advance_state",0,0,0,0,0,0,0,0
6829000,0,"plain_advance_state",0,0,0,0,0,0,0,1
6829000,1,"plain_advance_state",0,0,0,0,0,0,0,2
6829000,2,"plain_advance_state",0,0,0,0,0,0,0,3
6829000,3,"plain_advance_state",0,0,0,0,0,0,0,4
6829000,4,"plain_advance_state",0,0,0,0,0,0,0,5
6829000,5,"plain_advance_state",0,0,0,0,0,0,0,6
6829000,6,"plain_advance_state",0,0,0,0,0,0,0,0
8001000,0,"hit_by_item",0,4000138,1,-99,-10,126,5,1
8001000,1,"plain_advance_state",0,0,0,0,0,0,0,0
8892000,0,"hit_by_item",0,4032199,1,-1790,-1190,1797,817,1
8892000,1,"plain_advance_state",0,0,0,0,0,0,0,0
8892001,0,"hit_by_item",0,4032200,1,-1790,-1190,1797,817,1
8892001,1,"plain_advance_state",0,0,0,0,0,0,0,0
8892002,0,"hit_by_item",0,4032199,1,-1790,-1190,1797,817,1
8892002,1,"plain_advance_state",0,0,0,0,0,0,0,0
8892003,0,"hit_by_item",0,4032200,1,-1790,-1190,1797,817,1
8892003,1,"plain_advance_state",0,0,0,0,0,0,0,0
8892004,0,"hit_by_item",0,4032199,1,-1790,-1190,1797,817,1
8892004,1,"plain_advance_state",0,0,0,0,0,0,0,0
8892005,0,"hit_by_item",0,4032200,1,-1790,-1190,1797,817,1
8892005,1,"plain_advance_state",0,0,0,0,0,0,0,0
8898000,0,"plain_advance_state",0,0,0,0,0,0,0,0
8898000,1,"plain_advance_state",0,0,0,0,0,0,0,0
9101000,0,"plain_advance_state",0,0,0,0,0,0,0,0
9101000,1,"plain_advance_state",0,0,0,0,0,0,0,0
9101000,2,"plain_advance_state",0,0,0,0,0,0,0,0
9101000,3,"plain_advance_state",0,0,0,0,0,0,0,0
9101000,4,"plain_advance_state",0,0,0,0,0,0,0,0
9101000,5,"plain_advance_state",0,0,0,0,0,0,0,0
9101000,6,"plain_advance_state",0,0,0,0,0,0,0,0
9102000,0,"plain_advance_state",0,0,0,0,0,0,0,1
9102000,1,"plain_advance_state",0,0,0,0,0,0,0,2
9102000,2,"plain_advance_state",0,0,0,0,0,0,0,3
9102000,3,"plain_advance_state",0,0,0,0,0,0,0,4
9102000,4,"plain_advance_state",0,0,0,0,0,0,0,0
9102002,0,"plain_advance_state",0,0,0,0,0,0,0,1
9102002,1,"plain_advance_state",0,0,0,0,0,0,0,2
9102002,2,"plain_advance_state",0,0,0,0,0,0,0,3
9102002,3,"plain_advance_state",0,0,0,0,0,0,0,4
9102002,4,"plain_advance_state",0,0,0,0,0,0,0,0
9102008,0,"plain_advance_state",0,0,0,0,0,0,0,1
9102008,1,"plain_advance_state",0,0,0,0,0,0,0,2
9102008,2,"plain_advance_state",0,0,0,0,0,0,0,3
9102008,3,"plain_advance_state",0,0,0,0,0,0,0,4
9102008,4,"plain_advance_state",0,0,0,0,0,0,0,5
9102008,5,"plain_advance_state",0,0,0,0,0,0,0,0
9108000,0,"hit_by_item",0,4001095,1,-19,-42,20,16,1
9108000,1,"plain_advance_state",0,0,0,0,0,0,0,0
9108001,0,"hit_by_item",0,4001096,1,-19,-42,20,16,1
9108001,1,"plain_advance_state",0,0,0,0,0,0,0,0
9108002,0,"hit_by_item",0,4001097,1,-19,-42,20,16,1
9108002,1,"plain_advance_state",0,0,0,0,0,0,0,0
9108003,0,"hit_by_item",0,4001098,1,-19,-42,20,16,1
9108003,1,"plain_advance_state",0,0,0,0,0,0,0,0
9108004,0,"hit_by_item",0,4001099,1,-19,-42,20,16,1
9108004,1,"plain_advance_state",0,0,0,0,0,0,0,0
9108005,0,"hit_by_item",0,4001100,1,-19,-42,20,16,1
9108005,1,"plain_advance_state",0,0,0,0,0,0,0,0
9108006,0,"plain_advance_state",0,0,0,0,0,0,0,0
9108006,1,"plain_advance_state",0,0,0,0,0,0,0,0
9108006,2,"plain_advance_state",0,0,0,0,0,0,0,0
9108006,3,"plain_advance_state",0,0,0,0,0,0,0,0
9108006,4,"plain_advance_state",0,0,0,0,0,0,0,0
9108006,5,"plain_advance_state",0,0,0,0,0,0,0,0
9109000,0,"plain_advance_state",0,0,0,0,0,0,0,0
9109000,1,"plain_advance_state",0,0,0,0,0,0,0,0
9201000,0,"hit_by_item",0,4001036,1,-80,-30,80,30,1
9201000,1,"plain_advance_state",0,0,0,0,0,0,0,0
9201001,0,"hit_by_item",0,4001032,1,-45,-20,35,20,1
9201001,1,"hit_by_item",0,4001031,1,-45,-20,35,20,2
9201001,2,"hit_by_item",0,4001033,1,-45,-20,35,20,3
9201001,3,"hit_by_item",0,4001034,1,-45,-20,35,20,4
9201001,4,"plain_advance_state",0,0,0,0,0,0,0,0
9201002,0,"plain_advance_state",0,0,0,0,0,0,0,1
9201002,1,"plain_advance_state",0,0,0,0,0,0,0,2
9201002,2,"plain_advance_state",0,0,0,0,0,0,0,3
9201002,3,"plain_advance_state",0,0,0,0,0,0,0,4
9201002,4,"plain_advance_state",0,0,0,0,0,0,0,5
9201002,5,"plain_advance_state",0,0,0,0,0,0,0,0
9202000,0,"plain_advance_state",0,0,0,0,0,0,0,1
9202000,1,"plain_advance_state",0,0,0,0,0,0,0,2
9202000,2,"plain_advance_state",0,0,0,0,0,0,0,3
9202000,3,"plain_advance_state",0,0,0,0,0,0,0,4
9202000,4,"plain_advance_state",0,0,0,0,0,0,0,5
9202000,5,"plain_advance_state",0,0,0,0,0,0,0,0
9202001,0,"plain_advance_state",0,0,0,0,0,0,0,1
9202001,1,"plain_advance_state",0,0,0,0,0,0,0,2
9202001,2,"plain_advance_state",0,0,0,0,0,0,0,3
9202001,3,"plain_advance_state",0,0,0,0,0,0,0,4
9202001,4,"plain_advance_state",0,0,0,0,0,0,0,5
9202001,5,"plain_advance_state",0,0,0,0,0,0,0,0
9202002,0,"plain_advance_state",0,0,0,0,0,0,0,1
9202002,1,"plain_advance_state",0,0,0,0,0,0,0,2
9202002,2,"plain_advance_state",0,0,0,0,0,0,0,3
9202002,3,"plain_advance_state",0,0,0,0,0,0,0,4
9202002,4,"plain_advance_state",0,0,0,0,0,0,0,5
9202002,5,"plain_advance_state",0,0,0,0,0,0,0,6
9202002,6,"plain_advance_state",0,0,0,0,0,0,0,7
9202002,7,"plain_advance_state",0,0,0,0,0,0,0,8
9202002,8,"plain_advance_state",0,0,0,0,0,0,0,9
9202002,9,"plain_advance_state",0,0,0,0,0,0,0,10
9202002,10,"plain_advance_state",0,0,0,0,0,0,0,11
9202002,11,"plain_advance_state",0,0,0,0,0,0,0,12
9202002,12,"plain_advance_state",0,0,0,0,0,0,0,13
9202002,13,"plain_advance_state",0,0,0,0,0,0,0,14
9202002,14,"plain_advance_state",0,0,0,0,0,0,0,15
9202002,15,"plain_advance_state",0,0,0,0,0,0,0,16
9202002,16,"plain_advance_state",0,0,0,0,0,0,0,17
9202002,17,"plain_advance_state",0,0,0,0,0,0,0,18
9202002,18,"plain_advance_state",0,0,0,0,0,0,0,19
9202002,19,"plain_advance_state",0,0,0,0,0,0,0,20
9202002,20,"plain_advance_state",0,0,0,0,0,0,0,21
9202002,21,"plain_advance_state",0,0,0,0,0,0,0,22
9202002,22,"plain_advance_state",0,0,0,0,0,0,0,23
9202002,23,"plain_advance_state",0,0,0,0,0,0,0,24
9202002,24,"plain_advance_state",0,0,0,0,0,0,0,25
9202002,25,"plain_advance_state",0,0,0,0,0,0,0,26
9202002,26,"plain_advance_state",0,0,0,0,0,0,0,27
9202002,27,"plain_advance_state",0,0,0,0,0,0,0,28
9202002,28,"plain_advance_state",0,0,0,0,0,0,0,29
9202002,29,"plain_advance_state",0,0,0,0,0,0,0,30
9202002,30,"plain_advance_state",0,0,0,0,0,0,0,0
9202003,0,"plain_advance_state",0,0,0,0,0,0,0,1
9202003,1,"plain_advance_state",0,0,0,0,0,0,0,2
9202003,2,"plain_advance_state",0,0,0,0,0,0,0,3
9202003,3,"plain_advance_state",0,0,0,0,0,0,0,4
9202003,4,"plain_advance_state",0,0,0,0,0,0,0,0
9202004,0,"plain_advance_state",0,0,0,0,0,0,0,1
9202004,1,"plain_advance_state",0,0,0,0,0,0,0,2
9202004,2,"plain_advance_state",0,0,0,0,0,0,0,3
9202004,3,"plain_advance_state",0,0,0,0,0,0,0,4
9202004,4,"plain_advance_state",0,0,0,0,0,0,0,0
9202005,0,"plain_advance_state",0,0,0,0,0,0,0,1
9202005,1,"plain_advance_state",0,0,0,0,0,0,0,2
9202005,2,"plain_advance_state",0,0,0,0,0,0,0,3
9202005,3,"plain_advance_state",0,0,0,0,0,0,0,4
9202005,4,"plain_advance_state",0,0,0,0,0,0,0,5
9202005,5,"plain_advance_state",0,0,0,0,0,0,0,0
9202009,0,"plain_advance_state",0,0,0,0,0,0,0,1
9202009,1,"plain_advance_state",0,0,0,0,0,0,0,2
9202009,2,"plain_advance_state",0,0,0,0,0,0,0,3
9202009,3,"plain_advance_state",0,0,0,0,0,0,0,4
9202009,4,"plain_advance_state",0,0,0,0,0,0,0,5
9202009,5,"plain_advance_state",0,0,0,0,0,0,0,0
9208000,0,"plain_advance_state",0,0,0,0,0,0,0,0
9208001,0,"plain_advance_state",0,0,0,0,0,0,0,0
9208002,0,"plain_advance_state",0,0,0,0,0,0,0,0
9208003,0,"plain_advance_state",0,0,0,0,0,0,0,0
9208003,1,"plain_advance_state",0,0,0,0,0,0,0,0
9208004,0,"plain_advance_state",0,0,0,0,0,0,0,0
9208004,1,"plain_advance_state",0,0,0,0,0,0,0,0
9208004,2,"plain_advance_state",0,0,0,0,0,0,0,0
9208004,3,"plain_advance_state",0,0,0,0,0,0,0,0
9208004,4,"plain_advance_state",0,0,0,0,0,0,0,0
9208005,0,"hit_by_item",0,4001037,1,-73,-28,76,32,1
9208005,1,"plain_advance_state",0,0,0,0,0,0,0,0
9208006,0,"hit_by_item",0,4001026,1,-73,-28,76,32,1
9208006,1,"plain_advance_state",0,0,0,0,0,0,0,0
9208007,0,"hit_by_item",0,4001025,1,-20,-30,20,30,1
9208007,1,"plain_advance_state",0,0,0,0,0,0,0,0
9208008,0,"plain_advance_state",0,0,0,0,0,0,0,0
9208008,1,"plain_advance_state",0,0,0,0,0,0,0,0
9208009,0,"hit_by_item",0,1032033,1,-86,-15,42,33,1
9208009,1,"plain_advance_state",0,0,0,0,0,0,0,0
9208010,0,"hit_by_item",0,4001035,9,-73,-28,76,32,1
9208010,1,"plain_advance_state",0,0,0,0,0,0,0,0
9208011,0,"hit_by_item",0,4001035,8,-73,-28,76,32,1
9208011,1,"plain_advance_state",0,0,0,0,0,0,0,0
9208012,0,"hit_by_item",0,4001035,20,-73,-28,76,32,1
9208012,1,"plain_advance_state",0,0,0,0,0,0,0,0
9208013,0,"plain_advance_state",0,0,0,0,0,0,0,0
9208013,1,"plain_advance_state",0,0,0,0,0,0,0,0
9222000,0,"plain_advance_state",0,0,0,-37,-35,34,27,1
9222000,1,"plain_advance_state",0,0,0,-37,-35,34,27,2
9222000,2,"plain_advance_state",0,0,0,-37,-35,34,27,3
9222000,3,"plain_advance_state",0,0,0,-37,-35,34,27,4
9222000,4,"plain_advance_state",0,0,0,-37,-35,34,27,5
9222000,5,"plain_advance_state",0,0,0,0,0,0,0,0
9222000,6,"plain_advance_state",10000,0,0,0,0,0,0,0
9222000,7,"plain_advance_state",10000,0,0,0,0,0,0,0
9222000,8,"plain_advance_state",10000,0,0,0,0,0,0,0
9222000,9,"plain_advance_state",10000,0,0,0,0,0,0,0
9222000,10,"plain_advance_state",0,0,0,0,0,0,0,0
9701000,0,"plain_advance_state",3600000,0,0,0,0,0,0,1
9701000,1,"plain_advance_state",60000,0,0,0,0,0,0,0
9702000,0,"plain_advance_state",0,0,0,0,0,0,0,0
9702000,1,"plain_advance_state",0,0,0,0,0,0,0,0
9702000,2,"plain_advance_state",0,0,0,0,0,0,0,0
9702000,3,"plain_advance_state",0,0,0,0,0,0,0,0
9702000,4,"plain_advance_state",0,0,0,0,0,0,0,0
9702000,5,"plain_advance_state",1000,0,0,0,0,0,0,0
9708000,0,"plain_advance_state",0,0,0,0,0,0,0,0
9708000,1,"plain_advance_state",0,0,0,0,0,0,0,0
9802000,0,"plain_advance_state",0,0,0,0,0,0,0,0
9802000,1,"plain_advance_state",0,0,0,0,0,0,0,2
9802000,2,"plain_advance_state",0,0,0,0,0,0,0,3
9802000,3,"plain_advance_state",0,0,0,0,0,0,0,4
9802000,4,"plain_advance_state",0,0,0,0,0,0,0,5
9802000,5,"plain_advance_state",0,0,0,0,0,0,0,0
9802000,6,"plain_advance_state",0,0,0,0,0,0,0,7
9802000,7,"plain_advance_state",0,0,0,0,0,0,0,8
9802000,8,"plain_advance_state",0,0,0,0,0,0,0,9
9802000,9,"plain_advance_state",0,0,0,0,0,0,0,10
9802000,10,"plain_advance_state",0,0,0,0,0,0,0,0
9802000,11,"plain_advance_state",0,0,0,0,0,0,0,12
9802000,12,"plain_advance_state",0,0,0,0,0,0,0,13
9802000,13,"plain_advance_state",0,0,0,0,0,0,0,14
9802000,14,"plain_advance_state",0,0,0,0,0,0,0,15
9802000,15,"plain_advance_state",0,0,0,0,0,0,0,0
9802000,16,"plain_advance_state",0,0,0,0,0,0,0,17
9802000,17,"plain_advance_state",0,0,0,0,0,0,0,18
9802000,18,"plain_advance_state",0,0,0,0,0,0,0,19
9802000,19,"plain_advance_state",0,0,0,0,0,0,0,15
9802000,20,"plain_advance_state",0,0,0,0,0,0,0,0
9802000,21,"plain_advance_state",0,0,0,0,0,0,0,17
9802000,22,"plain_advance_state",0,0,0,0,0,0,0,18
9802000,23,"plain_advance_state",0,0,0,0,0,0,0,19
9802000,24,"plain_advance_state",0,0,0,0,0,0,0,15
9802000,25,"plain_advance_state",0,0,0,0,0,0,0,0
9802001,0,"plain_advance_state",0,0,0,0,0,0,0,0
9802001,1,"hit_by_item",2500,4001218,1,-66,5,71,75,6
9802001,2,"plain_advance_state",1500,0,0,0,0,0,0,1
9802001,3,"plain_advance_state",1500,0,0,0,0,0,0,2
9802001,4,"plain_advance_state",1500,0,0,0,0,0,0,3
9802001,5,"hit_by_item",0,4001219,1,-66,5,71,75,4
9802001,6,"plain_advance_state",0,0,0,0,0,0,0,0
9802002,0,"plain_advance_state",0,0,0,0,0,0,0,0
9802002,1,"plain_advance_state",0,0,0,0,0,0,0,2
9802002,2,"plain_advance_state",0,0,0,0,0,0,0,3
9802002,3,"plain_advance_state",0,0,0,0,0,0,0,4
9802002,4,"plain_advance_state",0,0,0,0,0,0,0,5
9802002,5,"plain_advance_state",0,0,0,0,0,0,0,0
9802003,0,"plain_advance_state",0,0,0,0,0,0,0,0
9802003,1,"plain_advance_state",2100,0,0,0,0,0,0,2
9802003,2,"plain_advance_state",3600,0,0,0,0,0,0,1
9802003,3,"plain_advance_state",7000,0,0,0,0,0,0,1
9802004,0,"plain_advance_state",0,0,0,0,0,0,0,0
9802004,1,"plain_advance_state",2600,0,0,0,0,0,0,2
9802004,2,"plain_advance_state",5000,0,0,0,0,0,0,1
9802004,3,"plain_advance_state",5000,0,0,0,0,0,0,1
9802005,0,"plain_advance_state",0,0,0,0,0,0,0,1
9802005,1,"plain_advance_state",8,0,0,0,0,0,0,0
9802006,0,"plain_advance_state",0,0,0,0,0,0,0,1
9802006,1,"plain_advance_state",8,0,0,0,0,0,0,0
9802007,0,"plain_advance_state",2000,0,0,0,0,0,0,1
9802007,1,"plain_advance_state",2000,0,0,0,0,0,0,2
9802007,2,"plain_advance_state",2000,0,0,0,0,0,0,3
9802007,3,"plain_advance_state",2000,0,0,0,0,0,0,0
9802008,0,"plain_advance_state",0,0,0,0,0,0,0,0
9802008,1,"plain_advance_state",2000,0,0,0,0,0,0,2
9802008,2,"plain_advance_state",4600,0,0,0,0,0,0,1
9802008,3,"plain_advance_state",6000,0,0,0,0,0,0,1
9808000,0,"plain_advance_state",56000,0,0,0,0,0,0,2
9808000,1,"plain_advance_state",56000,0,0,0,0,0,0,2
9808000,2,"plain_advance_state",56000,0,0,0,0,0,0,4
9808000,3,"plain_advance_state",56000,0,0,0,0,0,0,5
9808000,4,"plain_advance_state",56000,0,0,0,0,0,0,6
9808000,5,"plain_advance_state",0,0,0,0,0,0,0,0
9808000,6,"plain_advance_state",0,0,0,0,0,0,0,0
9808000,7,"plain_advance_state",0,0,0,0,0,0,0,0
9808000,8,"plain_advance_state",0,0,0,0,0,0,0,0
9808000,9,"plain_advance_state",0,0,0,0,0,0,0,0
9808000,10,"plain_advance_state",0,0,0,0,0,0,0,0
9808000,11,"plain_advance_state",0,0,0,0,0,0,0,0
9808001,0,"plain_advance_state",0,0,0,0,0,0,0,0
9808001,1,"plain_advance_state",0,0,0,0,0,0,0,0
9808002,0,"plain_advance_state",0,0,0,0,0,0,0,0
9808002,1,"plain_advance_state",0,0,0,0,0,0,0,0
9808003,0,"hit_from_right",0,0,0,0,0,0,0,9
9808003,1,"hit_from_right",0,0,0,0,0,0,0,0
9808003,2,"hit_from_right",0,0,0,0,0,0,0,1
9808003,3,"hit_from_right",0,0,0,0,0,0,0,2
9808003,4,"hit_from_right",0,0,0,0,0,0,0,3
9808003,5,"hit_from_right",0,0,0,0,0,0,0,4
9808003,6,"hit_from_right",0,0,0,0,0,0,0,5
9808003,7,"hit_from_right",0,0,0,0,0,0,0,6
9808003,8,"hit_from_right",0,0,0,0,0,0,0,7
9808003,9,"hit_from_right",0,0,0,0,0,0,0,8
9808003,10,"plain_advance_state",0,0,0,0,0,0,0,0
9808004,0,"plain_advance_state",0,0,0,0,0,0,0,0
9808004,1,"plain_advance_state",3000,0,0,0,0,0,0,0
9808004,2,"plain_advance_state",3000,0,0,0,0,0,0,0
9808004,3,"plain_advance_state",0,0,0,0,0,0,0,0
9808005,0,"hit_by_item",0,2000000,1,-145,-56,157,141,1
9808005,1,"plain_advance_state",56000,0,0,0,0,0,0,2
9808005,2,"plain_advance_state",56000,0,0,0,0,0,0,3
9808005,3,"plain_advance_state",56000,0,0,0,0,0,0,4
9808005,4,"plain_advance_state",56000,0,0,0,0,0,0,5
9808005,5,"plain_advance_state",56000,0,0,0,0,0,0,6
9808005,6,"plain_advance_state",0,0,0,0,0,0,0,0
9808005,7,"plain_advance_state",0,0,0,0,0,0,0,0
9808005,8,"plain_advance_state",0,0,0,0,0,0,0,0
9808005,9,"plain_advance_state",0,0,0,0,0,0,0,0
9808005,10,"plain_advance_state",0,0,0,0,0,0,0,0
9808005,11,"plain_advance_state",0,0,0,0,0,0,0,0
9808005,12,"plain_advance_state",0,0,0,0,0,0,0,0
9808006,0,"plain_advance_state",0,0,0,0,0,0,0,0
9808006,1,"plain_advance_state",0,0,0,0,0,0,0,0
9808006,2,"plain_advance_state",0,0,0,0,0,0,0,0
9808006,3,"plain_advance_state",0,0,0,0,0,0,0,0
9808006,4,"plain_advance_state",0,0,0,0,0,0,0,0
9808007,0,"plain_advance_state",0,0,0,0,0,0,0,0
9808007,1,"plain_advance_state",0,0,0,0,0,0,0,0
9808008,0,"hit_from_right",0,0,0,0,0,0,0,4
9808008,1,"hit_from_right",0,0,0,0,0,0,0,0
9808008,2,"hit_from_right",0,0,0,0,0,0,0,1
9808008,3,"hit_from_right",0,0,0,0,0,0,0,2
9808008,4,"hit_from_right",0,0,0,0,0,0,0,3
9808009,0,"plain_advance_state",0,0,0,0,0,0,0,0
9808009,1,"plain_advance_state",0,0,0,0,0,0,0,0
9808009,2,"plain_advance_state",0,0,0,0,0,0,0,0
9808009,3,"plain_advance_state",0,0,0,0,0,0,0,0
9808009,4,"plain_advance_state",0,0,0,0,0,0,0,0
9808009,5,"plain_advance_state",0,0,0,0,0,0,0,0
9808010,0,"plain_advance_state",0,0,0,0,0,0,0,1
9808010,1,"plain_advance_state",0,0,0,0,0,0,0,2
9808010,2,"plain_advance_state",0,0,0,0,0,0,0,3
9808010,3,"plain_advance_state",0,0,0,0,0,0,0,4
9808010,4,"plain_advance_state",0,0,0,0,0,0,0,5
9808010,5,"plain_advance_state",0,0,0,0,0,0,0,6
9808010,6,"plain_advance_state",0,0,0,0,0,0,0,7
9808010,7,"plain_advance_state",0,0,0,0,0,0,0,8
9808010,8,"plain_advance_state",0,0,0,0,0,0,0,9
9808010,9,"plain_advance_state",0,0,0,0,0,0,0,10
9808010,10,"plain_advance_state",0,0,0,0,0,0,0,1
9808010,11,"plain_advance_state",0,0,0,0,0,0,0,0
9808010,12,"plain_advance_state",0,0,0,0,0,0,0,0
9808010,13,"plain_advance_state",0,0,0,0,0,0,0,0
9808010,14,"plain_advance_state",0,0,0,0,0,0,0,0
9808010,15,"plain_advance_state",0,0,0,0,0,0,0,0
9808010,16,"plain_advance_state",0,0,0,0,0,0,0,0
9808010,17,"plain_advance_state",0,0,0,0,0,0,0,0
9808010,18,"plain_advance_state",0,0,0,0,0,0,0,0
9808010,19,"plain_advance_state",0,0,0,0,0,0,0,0
9808010,20,"plain_advance_state",0,0,0,0,0,0,0,0
9808010,21,"plain_advance_state",0,0,0,0,0,0,0,0
9808010,22,"plain_advance_state",0,0,0,0,0,0,0,0
9808011,0,"plain_advance_state",0,0,0,0,0,0,0,0
9808011,1,"hit_from_left",0,0,0,0,0,0,0,2
9808011,2,"hit_from_right",0,0,0,0,0,0,0,1
9808011,3,"hit_from_right",0,0,0,0,0,0,0,2
9808011,4,"hit_from_right",0,0,0,0,0,0,0,3
9808011,5,"hit_from_right",0,0,0,0,0,0,0,4
9808011,6,"hit_from_right",0,0,0,0,0,0,0,5
9808011,7,"hit_from_right",0,0,0,0,0,0,0,6
9808011,8,"hit_from_right",0,0,0,0,0,0,0,7
9808011,9,"hit_from_right",0,0,0,0,0,0,0,8
9808011,10,"hit_from_right",0,0,0,0,0,0,0,9
9808011,11,"hit_from_right",0,0,0,0,0,0,0,10
9808011,12,"hit_from_right",0,0,0,0,0,0,0,11
9808011,13,"hit_from_right",0,0,0,0,0,0,0,12
9808011,14,"hit_from_right",0,0,0,0,0,0,0,13
9808011,15,"hit_from_right",0,0,0,0,0,0,0,14
9808011,16,"hit_from_right",0,0,0,0,0,0,0,15
9808011,17,"hit_from_right",0,0,0,0,0,0,0,16
9808011,18,"hit_from_right",0,0,0,0,0,0,0,17
9808011,19,"hit_from_right",0,0,0,0,0,0,0,18
9808011,20,"hit_from_right",0,0,0,0,0,0,0,19
9808011,21,"hit_from_right",0,0,0,0,0,0,0,20
9808011,22,"hit_from_right",0,0,0,0,0,0,0,21
9808011,23,"hit_from_right",0,0,0,0,0,0,0,22
9808011,24,"hit_from_right",0,0,0,0,0,0,0,23
9808011,25,"hit_from_right",0,0,0,0,0,0,0,24
9808011,26,"plain_advance_state",0,0,0,0,0,0,0,0
9808012,0,"plain_advance_state",0,0,0,0,0,0,0,1
9808012,1,"plain_advance_state",0,0,0,0,0,0,0,0
9808013,0,"plain_advance_state",0,0,0,0,0,0,0,0
9808013,1,"hit_by_item",0,4001213,30,-73,6,79,86,5
9808013,2,"hit_by_item",0,4001213,30,-73,6,79,86,6
9808013,3,"hit_by_item",0,4001213,30,-73,6,79,86,7
9808013,4,"hit_by_item",0,4001213,30,-73,6,79,86,8
9808013,5,"plain_advance_state",0,0,0,0,0,0,0,0
9808013,6,"plain_advance_state",0,0,0,0,0,0,0,0
9808013,7,"plain_advance_state",0,0,0,0,0,0,0,0
9808013,8,"plain_advance_state",0,0,0,0,0,0,0,0
9902000,0,"hit_by_item",0,4001300,1,-57,-4,52,53,1
9902000,1,"plain_advance_state",0,0,0,0,0,0,0,0
9902000,2,"hit_by_item",0,4001300,1,-57,-4,52,53,3
9902000,3,"plain_advance_state",0,0,0,0,0,0,0,0
9902000,4,"hit_by_item",0,4001300,1,-57,-4,52,53,5
9902000,5,"plain_advance_state",0,0,0,0,0,0,0,0
9902000,6,"hit_by_item",0,4001300,1,-57,-4,52,53,7
9902000,7,"plain_advance_state",0,0,0,0,0,0,0,0
9902000,8,"hit_by_item",0,4001300,1,-57,-4,52,53,9
9902000,9,"plain_advance_state",0,0,0,0,0,0,0,11
9902000,10,"plain_advance_state",0,0,0,0,0,0,0,11
9902000,11,"plain_advance_state",0,0,0,0,0,0,0,0
9908001,0,"hit_by_item",0,4000000,1,-1,0,1,0,0
9908001,1,"plain_advance_state",0,0,0,0,0,0,0,0
9980000,0,"plain_advance_state",0,0,0,0,0,0,0,0
9980000,1,"plain_advance_state",0,0,0,0,0,0,0,2
9980000,2,"plain_advance_state",0,0,0,0,0,0,0,3
9980000,3,"plain_advance_state",0,0,0,0,0,0,0,4
9980000,4,"plain_advance_state",0,0,0,0,0,0,0,5
9980000,5,"plain_advance_state",0,0,0,0,0,0,0,0
9980001,0,"plain_advance_state",0,0,0,0,0,0,0,0
9980001,1,"plain_advance_state",0,0,0,0,0,0,0,2
9980001,2,"plain_advance_state",0,0,0,0,0,0,0,3
9980001,3,"plain_advance_state",0,0,0,0,0,0,0,4
9980001,4,"plain_advance_state",0,0,0,0,0,0,0,5
9980001,5,"plain_advance_state",0,0,0,0,0,0,0,0
